,Cellname,Classification
0,X5953STDY8282899,GSC
1,X5953STDY8282900,GSC
2,X5953STDY8282901,GSC
3,X5953STDY8282902,GSC
4,X5953STDY8282903,GSC
5,X5953STDY8282904,Microglia
6,X5953STDY8282906,GSC
7,X5953STDY8282907,GSC
8,X5953STDY8282908,GSC
9,X5953STDY8282909,GSC
10,X5953STDY8282910,GSC
11,X5953STDY8282911,GSC
12,X5953STDY8282912,GSC
13,X5953STDY8282913,Microglia
14,X5953STDY8282915,GSC
15,X5953STDY8282917,GSC
16,X5953STDY8282918,GSC
17,X5953STDY8282921,Microglia
18,X5953STDY8282922,GSC
19,X5953STDY8282924,GSC
20,X5953STDY8282925,GSC
21,X5953STDY8282926,Endothelial Cells
22,X5953STDY8282928,GSC
23,X5953STDY8282929,GSC
24,X5953STDY8282930,Microglia
25,X5953STDY8282931,GSC
26,X5953STDY8282934,GSC
27,X5953STDY8282935,Microglia
28,X5953STDY8282938,GSC
29,X5953STDY8282939,GSC
30,X5953STDY8282940,GSC
31,X5953STDY8282942,GSC
32,X5953STDY8282943,GSC
33,X5953STDY8282945,GSC
34,X5953STDY8282946,Microglia
35,X5953STDY8282947,GSC
36,X5953STDY8282948,GSC
37,X5953STDY8282950,Microglia
38,X5953STDY8282951,GSC
39,X5953STDY8282953,GSC
40,X5953STDY8282954,GSC
41,X5953STDY8282955,GSC
42,X5953STDY8282957,GSC
43,X5953STDY8282958,GSC
44,X5953STDY8282959,GSC
45,X5953STDY8282960,GSC
46,X5953STDY8282962,GSC
47,X5953STDY8282963,Microglia
48,X5953STDY8282964,GSC
49,X5953STDY8282966,GSC
50,X5953STDY8282967,GSC
51,X5953STDY8282968,Microglia
52,X5953STDY8282971,Microglia
53,X5953STDY8282972,GSC
54,X5953STDY8282973,GSC
55,X5953STDY8282975,Microglia
56,X5953STDY8282976,Endothelial Cells
57,X5953STDY8282977,GSC
58,X5953STDY8282980,GSC
59,X5953STDY8282981,Microglia
60,X5953STDY8282982,GSC
61,X5953STDY8282984,GSC
62,X5953STDY8282985,GSC
63,X5953STDY8282986,GSC
64,X5953STDY8282988,GSC
65,X5953STDY8282989,GSC
66,X5953STDY8282990,Microglia
67,X5953STDY8282991,GSC
68,X5953STDY8282992,GSC
69,X5953STDY8282993,GSC
70,X5953STDY8282995,GSC
71,X5953STDY8282996,Microglia
72,X5953STDY8282997,GSC
73,X5953STDY8282998,Endothelial Cells
74,X5953STDY8282999,Microglia
75,X5953STDY8283000,Microglia
76,X5953STDY8283001,GSC
77,X5953STDY8283002,GSC
78,X5953STDY8283003,GSC
79,X5953STDY8283005,Microglia
80,X5953STDY8283006,Microglia
81,X5953STDY8283007,Microglia
82,X5953STDY8283008,GSC
83,X5953STDY8283010,Microglia
84,X5953STDY8283012,Microglia
85,X5953STDY8283015,Microglia
86,X5953STDY8283016,GSC
87,X5953STDY8283017,Microglia
88,X5953STDY8283018,Microglia
89,X5953STDY8283019,GSC
90,X5953STDY8283020,GSC
91,X5953STDY8283021,GSC
92,X5953STDY8283022,GSC
93,X5953STDY8283024,Microglia
94,X5953STDY8283027,GSC
95,X5953STDY8283028,GSC
96,X5953STDY8283029,Microglia
97,X5953STDY8283030,Microglia
98,X5953STDY8283032,GSC
99,X5953STDY8283033,Microglia
100,X5953STDY8283034,GSC
101,X5953STDY8283036,Endothelial Cells
102,X5953STDY8283037,GSC
103,X5953STDY8283038,GSC
104,X5953STDY8283039,Microglia
105,X5953STDY8283043,Microglia
106,X5953STDY8283044,Microglia
107,X5953STDY8283045,Microglia
108,X5953STDY8283046,GSC
109,X5953STDY8283048,Microglia
110,X5953STDY8283049,GSC
111,X5953STDY8283050,GSC
112,X5953STDY8283051,GSC
113,X5953STDY8283053,GSC
114,X5953STDY8283054,GSC
115,X5953STDY8283056,GSC
116,X5953STDY8283058,GSC
117,X5953STDY8283060,GSC
118,X5953STDY8283061,GSC
119,X5953STDY8283062,GSC
120,X5953STDY8283063,GSC
121,X5953STDY8283066,GSC
122,X5953STDY8283068,GSC
123,X5953STDY8283069,GSC
124,X5953STDY8283070,GSC
125,X5953STDY8283071,GSC
126,X5953STDY8283072,Endothelial Cells
127,X5953STDY8283074,GSC
128,X5953STDY8283075,Microglia
129,X5953STDY8283077,GSC
130,X5953STDY8283078,GSC
131,X5953STDY8283079,GSC
132,X5953STDY8283080,GSC
133,X5953STDY8283081,GSC
134,X5953STDY8283082,GSC
135,X5953STDY8283083,Microglia
136,X5953STDY8283084,GSC
137,X5953STDY8283085,GSC
138,X5953STDY8283086,Microglia
139,X5953STDY8283087,GSC
140,X5953STDY8283088,GSC
141,X5953STDY8283089,GSC
142,X5953STDY8283090,Microglia
143,X5953STDY8283092,GSC
144,X5953STDY8283093,GSC
145,X5953STDY8283094,Microglia
146,X5953STDY8283095,Microglia
147,X5953STDY8283096,GSC
148,X5953STDY8283099,GSC
149,X5953STDY8283105,Microglia
150,X5953STDY8283106,GSC
151,X5953STDY8283107,Microglia
152,X5953STDY8283108,GSC
153,X5953STDY8283109,Microglia
154,X5953STDY8283110,GSC
155,X5953STDY8283111,GSC
156,X5953STDY8283112,Microglia
157,X5953STDY8283113,GSC
158,X5953STDY8283114,GSC
159,X5953STDY8283115,GSC
160,X5953STDY8283117,Microglia
161,X5953STDY8283118,Microglia
162,X5953STDY8283119,GSC
163,X5953STDY8283120,Microglia
164,X5953STDY8283121,GSC
165,X5953STDY8283122,GSC
166,X5953STDY8283124,GSC
167,X5953STDY8283126,GSC
168,X5953STDY8283128,GSC
169,X5953STDY8283129,Microglia
170,X5953STDY8283130,GSC
171,X5953STDY8283131,GSC
172,X5953STDY8283133,GSC
173,X5953STDY8283134,Microglia
174,X5953STDY8283135,GSC
175,X5953STDY8283136,GSC
176,X5953STDY8283138,GSC
177,X5953STDY8283140,GSC
178,X5953STDY8283141,GSC
179,X5953STDY8283142,GSC
180,X5953STDY8283143,GSC
181,X5953STDY8283144,GSC
182,X5953STDY8283145,GSC
183,X5953STDY8283146,Microglia
184,X5953STDY8283147,GSC
185,X5953STDY8283148,Endothelial Cells
186,X5953STDY8283150,GSC
187,X5953STDY8283151,GSC
188,X5953STDY8283152,GSC
189,X5953STDY8283154,Microglia
190,X5953STDY8283155,GSC
191,X5953STDY8283156,GSC
192,X5953STDY8283157,Microglia
193,X5953STDY8283159,Endothelial Cells
194,X5953STDY8283160,GSC
195,X5953STDY8283162,Microglia
196,X5953STDY8283163,GSC
197,X5953STDY8283165,Microglia
198,X5953STDY8283166,GSC
199,X5953STDY8283167,Microglia
200,X5953STDY8283168,GSC
201,X5953STDY8283169,GSC
202,X5953STDY8283171,Microglia
203,X5953STDY8283172,Microglia
204,X5953STDY8283173,GSC
205,X5953STDY8283174,Microglia
206,X5953STDY8283175,GSC
207,X5953STDY8283177,GSC
208,X5953STDY8283178,Microglia
209,X5953STDY8283180,GSC
210,X5953STDY8283181,GSC
211,X5953STDY8283182,GSC
212,X5953STDY8283183,GSC
213,X5953STDY8283184,GSC
214,X5953STDY8283185,GSC
215,X5953STDY8283186,GSC
216,X5953STDY8283188,GSC
217,X5953STDY8283190,GSC
218,X5953STDY8283191,Microglia
219,X5953STDY8283192,GSC
220,X5953STDY8283193,GSC
221,X5953STDY8283194,GSC
222,X5953STDY8283195,Microglia
223,X5953STDY8283197,Endothelial Cells
224,X5953STDY8283198,Endothelial Cells
225,X5953STDY8283200,GSC
226,X5953STDY8283201,GSC
227,X5953STDY8283203,GSC
228,X5953STDY8283204,GSC
229,X5953STDY8283205,Microglia
230,X5953STDY8283206,GSC
231,X5953STDY8283207,Microglia
232,X5953STDY8283208,GSC
233,X5953STDY8283211,GSC
234,X5953STDY8283212,GSC
235,X5953STDY8283213,GSC
236,X5953STDY8283214,Microglia
237,X5953STDY8283215,GSC
238,X5953STDY8283216,GSC
239,X5953STDY8283218,GSC
240,X5953STDY8283222,Microglia
241,X5953STDY8283223,GSC
242,X5953STDY8283224,Microglia
243,X5953STDY8283225,GSC
244,X5953STDY8283226,GSC
245,X5953STDY8283228,GSC
246,X5953STDY8283229,Microglia
247,X5953STDY8283231,GSC
248,X5953STDY8283232,GSC
249,X5953STDY8283233,GSC
250,X5953STDY8283234,GSC
251,X5953STDY8283235,GSC
252,X5953STDY8283237,Microglia
253,X5953STDY8283238,GSC
254,X5953STDY8283239,GSC
255,X5953STDY8283240,GSC
256,X5953STDY8283242,GSC
257,X5953STDY8283243,GSC
258,X5953STDY8283245,GSC
259,X5953STDY8283247,Endothelial Cells
260,X5953STDY8283248,Microglia
261,X5953STDY8283249,GSC
262,X5953STDY8283250,GSC
263,X5953STDY8283251,GSC
264,X5953STDY8283252,GSC
265,X5953STDY8283253,GSC
266,X5953STDY8283255,GSC
267,X5953STDY8283256,GSC
268,X5953STDY8283257,Microglia
269,X5953STDY8283258,Endothelial Cells
270,X5953STDY8283259,GSC
271,X5953STDY8283260,GSC
272,X5953STDY8283261,GSC
273,X5953STDY8283262,GSC
274,X5953STDY8283263,Microglia
275,X5953STDY8283264,GSC
276,X5953STDY8283267,Microglia
277,X5953STDY8283269,GSC
278,X5953STDY8283270,GSC
279,X5953STDY8283271,GSC
280,X5953STDY8283272,GSC
281,X5953STDY8283274,GSC
282,X5953STDY8283275,GSC
283,X5953STDY8283276,GSC
284,X5953STDY8283281,GSC
285,X5953STDY8283282,GSC
286,X5953STDY8613147,GSC
287,X5953STDY8613148,GSC
288,X5953STDY8613149,GSC
289,X5953STDY8613150,GSC
290,X5953STDY8613152,GSC
291,X5953STDY8613153,GSC
292,X5953STDY8613154,GSC
293,X5953STDY8613155,GSC
294,X5953STDY8613157,GSC
295,X5953STDY8613158,GSC
296,X5953STDY8613159,GSC
297,X5953STDY8613160,GSC
298,X5953STDY8613161,GSC
299,X5953STDY8613162,GSC
300,X5953STDY8613163,GSC
301,X5953STDY8613164,GSC
302,X5953STDY8613165,GSC
303,X5953STDY8613166,GSC
304,X5953STDY8613167,GSC
305,X5953STDY8613168,GSC
306,X5953STDY8613169,GSC
307,X5953STDY8613170,GSC
308,X5953STDY8613171,GSC
309,X5953STDY8613172,Microglia
310,X5953STDY8613173,GSC
311,X5953STDY8613174,GSC
312,X5953STDY8613176,GSC
313,X5953STDY8613177,GSC
314,X5953STDY8613178,GSC
315,X5953STDY8613179,GSC
316,X5953STDY8613180,GSC
317,X5953STDY8613181,GSC
318,X5953STDY8613182,GSC
319,X5953STDY8613183,GSC
320,X5953STDY8613184,GSC
321,X5953STDY8613185,GSC
322,X5953STDY8613186,Microglia
323,X5953STDY8613187,GSC
324,X5953STDY8613188,GSC
325,X5953STDY8613189,GSC
326,X5953STDY8613190,Microglia
327,X5953STDY8613191,GSC
328,X5953STDY8613192,GSC
329,X5953STDY8613193,GSC
330,X5953STDY8613194,GSC
331,X5953STDY8613195,GSC
332,X5953STDY8613196,GSC
333,X5953STDY8613197,GSC
334,X5953STDY8613198,GSC
335,X5953STDY8613199,GSC
336,X5953STDY8613200,GSC
337,X5953STDY8613201,GSC
338,X5953STDY8613202,GSC
339,X5953STDY8613204,GSC
340,X5953STDY8613206,GSC
341,X5953STDY8613207,GSC
342,X5953STDY8613208,GSC
343,X5953STDY8613209,GSC
344,X5953STDY8613210,GSC
345,X5953STDY8613211,GSC
346,X5953STDY8613214,GSC
347,X5953STDY8613215,GSC
348,X5953STDY8613216,GSC
349,X5953STDY8613217,GSC
350,X5953STDY8613218,GSC
351,X5953STDY8613219,GSC
352,X5953STDY8613220,GSC
353,X5953STDY8613223,GSC
354,X5953STDY8613225,GSC
355,X5953STDY8613226,GSC
356,X5953STDY8613227,Microglia
357,X5953STDY8613228,GSC
358,X5953STDY8613229,GSC
359,X5953STDY8613230,GSC
360,X5953STDY8613231,GSC
361,X5953STDY8613232,GSC
362,X5953STDY8613233,GSC
363,X5953STDY8613234,GSC
364,X5953STDY8613236,GSC
365,X5953STDY8613237,GSC
366,X5953STDY8613238,Microglia
367,X5953STDY8613239,GSC
368,X5953STDY8613240,Microglia
369,X5953STDY8613241,GSC
370,X5953STDY8613242,GSC
371,X5953STDY8613725,GSC
372,X5953STDY8613726,GSC
373,X5953STDY8613727,GSC
374,X5953STDY8613728,GSC
375,X5953STDY8613729,GSC
376,X5953STDY8613730,GSC
377,X5953STDY8613731,GSC
378,X5953STDY8613733,GSC
379,X5953STDY8613734,GSC
380,X5953STDY8613735,GSC
381,X5953STDY8613736,GSC
382,X5953STDY8613737,GSC
383,X5953STDY8613738,Microglia
384,X5953STDY8613739,GSC
385,X5953STDY8613740,GSC
386,X5953STDY8613741,GSC
387,X5953STDY8613742,GSC
388,X5953STDY8613743,GSC
389,X5953STDY8613744,GSC
390,X5953STDY8613745,GSC
391,X5953STDY8613746,GSC
392,X5953STDY8613747,GSC
393,X5953STDY8613748,GSC
394,X5953STDY8613749,GSC
395,X5953STDY8613751,GSC
396,X5953STDY8613752,GSC
397,X5953STDY8613753,GSC
398,X5953STDY8613754,GSC
399,X5953STDY8613755,GSC
400,X5953STDY8613756,GSC
401,X5953STDY8613757,GSC
402,X5953STDY8613758,GSC
403,X5953STDY8613759,GSC
404,X5953STDY8613760,GSC
405,X5953STDY8613761,GSC
406,X5953STDY8613762,GSC
407,X5953STDY8613765,GSC
408,X5953STDY8613767,GSC
409,X5953STDY8613768,GSC
410,X5953STDY8613770,GSC
411,X5953STDY8613771,GSC
412,X5953STDY8613772,GSC
413,X5953STDY8613773,GSC
414,X5953STDY8613774,GSC
415,X5953STDY8613775,GSC
416,X5953STDY8613776,GSC
417,X5953STDY8613777,GSC
418,X5953STDY8613778,GSC
419,X5953STDY8613779,GSC
420,X5953STDY8613781,GSC
421,X5953STDY8613782,GSC
422,X5953STDY8613783,GSC
423,X5953STDY8613784,GSC
424,X5953STDY8613785,GSC
425,X5953STDY8613786,GSC
426,X5953STDY8613787,GSC
427,X5953STDY8613788,GSC
428,X5953STDY8613789,GSC
429,X5953STDY8613790,GSC
430,X5953STDY8613791,GSC
431,X5953STDY8613793,GSC
432,X5953STDY8613795,GSC
433,X5953STDY8613796,GSC
434,X5953STDY8613797,GSC
435,X5953STDY8613799,GSC
436,X5953STDY8613800,GSC
437,X5953STDY8613801,GSC
438,X5953STDY8613802,GSC
439,X5953STDY8613803,GSC
440,X5953STDY8613804,GSC
441,X5953STDY8613805,GSC
442,X5953STDY8613806,GSC
443,X5953STDY8613807,GSC
444,X5953STDY8613808,GSC
445,X5953STDY8613809,GSC
446,X5953STDY8613810,GSC
447,X5953STDY8613811,GSC
448,X5953STDY8613812,GSC
449,X5953STDY8613813,GSC
450,X5953STDY8613814,GSC
451,X5953STDY8613816,GSC
452,X5953STDY8613818,GSC
453,X5953STDY8614395,GSC
454,X5953STDY8614396,GSC
455,X5953STDY8614397,GSC
456,X5953STDY8614398,GSC
457,X5953STDY8614400,GSC
458,X5953STDY8614401,GSC
459,X5953STDY8614402,GSC
460,X5953STDY8614403,Microglia
461,X5953STDY8614404,GSC
462,X5953STDY8614405,GSC
463,X5953STDY8614406,GSC
464,X5953STDY8614407,GSC
465,X5953STDY8614409,GSC
466,X5953STDY8614410,GSC
467,X5953STDY8614411,GSC
468,X5953STDY8614412,GSC
469,X5953STDY8614413,GSC
470,X5953STDY8614414,GSC
471,X5953STDY8614416,GSC
472,X5953STDY8614418,GSC
473,X5953STDY8614420,GSC
474,X5953STDY8614421,GSC
475,X5953STDY8614422,Microglia
476,X5953STDY8614423,GSC
477,X5953STDY8614424,GSC
478,X5953STDY8614425,GSC
479,X5953STDY8614426,GSC
480,X5953STDY8614427,GSC
481,X5953STDY8614428,GSC
482,X5953STDY8614429,GSC
483,X5953STDY8614430,GSC
484,X5953STDY8614431,GSC
485,X5953STDY8614432,GSC
486,X5953STDY8614433,GSC
487,X5953STDY8614434,GSC
488,X5953STDY8614435,GSC
489,X5953STDY8614436,GSC
490,X5953STDY8614437,GSC
491,X5953STDY8614438,GSC
492,X5953STDY8614439,GSC
493,X5953STDY8614440,GSC
494,X5953STDY8614441,GSC
495,X5953STDY8614442,GSC
496,X5953STDY8614443,GSC
497,X5953STDY8614445,GSC
498,X5953STDY8614446,GSC
499,X5953STDY8614447,GSC
500,X5953STDY8614450,GSC
501,X5953STDY8614451,GSC
502,X5953STDY8614452,GSC
503,X5953STDY8614453,GSC
504,X5953STDY8614454,Microglia
505,X5953STDY8614455,GSC
506,X5953STDY8614456,GSC
507,X5953STDY8614457,GSC
508,X5953STDY8614459,GSC
509,X5953STDY8614460,GSC
510,X5953STDY8614461,GSC
511,X5953STDY8614462,GSC
512,X5953STDY8614464,GSC
513,X5953STDY8614465,GSC
514,X5953STDY8614466,GSC
515,X5953STDY8614467,GSC
516,X5953STDY8614468,GSC
517,X5953STDY8614469,GSC
518,X5953STDY8614470,GSC
519,X5953STDY8614471,GSC
520,X5953STDY8614472,GSC
521,X5953STDY8614473,GSC
522,X5953STDY8614474,GSC
523,X5953STDY8614475,GSC
524,X5953STDY8614477,GSC
525,X5953STDY8614478,GSC
526,X5953STDY8614479,GSC
527,X5953STDY8614480,Microglia
528,X5953STDY8614481,GSC
529,X5953STDY8614482,GSC
530,X5953STDY8614483,GSC
531,X5953STDY8614484,GSC
532,X5953STDY8614486,GSC
533,X5953STDY8614488,GSC
534,X5953STDY8614489,GSC
535,X5953STDY8614490,GSC
536,X5953STDY8281747,GSC
537,X5953STDY8281748,GSC
538,X5953STDY8281749,GSC
539,X5953STDY8281750,GSC
540,X5953STDY8281751,Microglia
541,X5953STDY8281753,GSC
542,X5953STDY8281754,GSC
543,X5953STDY8281756,GSC
544,X5953STDY8281757,GSC
545,X5953STDY8281758,GSC
546,X5953STDY8281759,GSC
547,X5953STDY8281760,GSC
548,X5953STDY8281761,GSC
549,X5953STDY8281762,GSC
550,X5953STDY8281763,GSC
551,X5953STDY8281764,GSC
552,X5953STDY8281765,GSC
553,X5953STDY8281769,GSC
554,X5953STDY8281770,GSC
555,X5953STDY8281771,GSC
556,X5953STDY8281772,GSC
557,X5953STDY8281774,GSC
558,X5953STDY8281775,GSC
559,X5953STDY8281776,GSC
560,X5953STDY8281777,GSC
561,X5953STDY8281778,GSC
562,X5953STDY8281779,GSC
563,X5953STDY8281781,GSC
564,X5953STDY8281782,GSC
565,X5953STDY8281784,GSC
566,X5953STDY8281785,GSC
567,X5953STDY8281786,GSC
568,X5953STDY8281787,GSC
569,X5953STDY8281788,GSC
570,X5953STDY8281790,GSC
571,X5953STDY8281792,GSC
572,X5953STDY8281793,GSC
573,X5953STDY8281794,GSC
574,X5953STDY8281796,GSC
575,X5953STDY8281798,GSC
576,X5953STDY8281799,GSC
577,X5953STDY8281802,GSC
578,X5953STDY8281803,GSC
579,X5953STDY8281804,Microglia
580,X5953STDY8281805,Microglia
581,X5953STDY8281806,GSC
582,X5953STDY8281807,GSC
583,X5953STDY8281808,GSC
584,X5953STDY8281811,GSC
585,X5953STDY8281812,GSC
586,X5953STDY8281816,GSC
587,X5953STDY8281817,GSC
588,X5953STDY8281818,Microglia
589,X5953STDY8281820,GSC
590,X5953STDY8281821,GSC
591,X5953STDY8281822,GSC
592,X5953STDY8281824,GSC
593,X5953STDY8281825,GSC
594,X5953STDY8281826,GSC
595,X5953STDY8281827,GSC
596,X5953STDY8281828,GSC
597,X5953STDY8281830,Microglia
598,X5953STDY8281831,GSC
599,X5953STDY8281832,Microglia
600,X5953STDY8281833,GSC
601,X5953STDY8281834,Microglia
602,X5953STDY8281836,GSC
603,X5953STDY8281837,GSC
604,X5953STDY8281838,GSC
605,X5953STDY8281839,Microglia
606,X5953STDY8281840,GSC
607,X5953STDY8281841,GSC
608,X5953STDY8281842,GSC
609,X5953STDY8281843,GSC
610,X5953STDY8281844,Microglia
611,X5953STDY8281845,GSC
612,X5953STDY8281847,GSC
613,X5953STDY8281848,GSC
614,X5953STDY8281849,GSC
615,X5953STDY8281851,GSC
616,X5953STDY8281852,GSC
617,X5953STDY8281853,GSC
618,X5953STDY8281854,GSC
619,X5953STDY8281855,GSC
620,X5953STDY8281856,GSC
621,X5953STDY8281857,GSC
622,X5953STDY8281858,GSC
623,X5953STDY8281859,GSC
624,X5953STDY8281860,GSC
625,X5953STDY8281862,GSC
626,X5953STDY8281863,GSC
627,X5953STDY8281864,GSC
628,X5953STDY8281865,GSC
629,X5953STDY8281866,GSC
630,X5953STDY8281867,GSC
631,X5953STDY8281868,GSC
632,X5953STDY8281869,GSC
633,X5953STDY8281871,GSC
634,X5953STDY8281872,GSC
635,X5953STDY8281873,Microglia
636,X5953STDY8281874,GSC
637,X5953STDY8281875,GSC
638,X5953STDY8281876,GSC
639,X5953STDY8281877,GSC
640,X5953STDY8281879,GSC
641,X5953STDY8281880,GSC
642,X5953STDY8281881,GSC
643,X5953STDY8281882,GSC
644,X5953STDY8281883,Microglia
645,X5953STDY8281885,GSC
646,X5953STDY8281886,GSC
647,X5953STDY8281887,GSC
648,X5953STDY8281888,GSC
649,X5953STDY8281889,Microglia
650,X5953STDY8281890,GSC
651,X5953STDY8281893,GSC
652,X5953STDY8281894,Microglia
653,X5953STDY8281896,GSC
654,X5953STDY8281897,GSC
655,X5953STDY8281899,GSC
656,X5953STDY8281900,GSC
657,X5953STDY8281901,GSC
658,X5953STDY8281902,GSC
659,X5953STDY8281903,GSC
660,X5953STDY8281904,GSC
661,X5953STDY8281906,Microglia
662,X5953STDY8281908,GSC
663,X5953STDY8281909,GSC
664,X5953STDY8281910,GSC
665,X5953STDY8281911,GSC
666,X5953STDY8281913,GSC
667,X5953STDY8281915,GSC
668,X5953STDY8281916,GSC
669,X5953STDY8281918,GSC
670,X5953STDY8281919,GSC
671,X5953STDY8281920,Microglia
672,X5953STDY8281922,Microglia
673,X5953STDY8281923,GSC
674,X5953STDY8281924,GSC
675,X5953STDY8281925,GSC
676,X5953STDY8281926,GSC
677,X5953STDY8281927,GSC
678,X5953STDY8281928,Microglia
679,X5953STDY8281931,GSC
680,X5953STDY8281933,GSC
681,X5953STDY8281934,GSC
682,X5953STDY8281935,GSC
683,X5953STDY8281938,Microglia
684,X5953STDY8281940,GSC
685,X5953STDY8281941,GSC
686,X5953STDY8281942,GSC
687,X5953STDY8281944,Microglia
688,X5953STDY8281946,GSC
689,X5953STDY8281947,GSC
690,X5953STDY8281948,GSC
691,X5953STDY8281949,GSC
692,X5953STDY8281950,GSC
693,X5953STDY8281952,GSC
694,X5953STDY8281953,GSC
695,X5953STDY8281954,GSC
696,X5953STDY8281955,GSC
697,X5953STDY8281956,GSC
698,X5953STDY8281957,GSC
699,X5953STDY8281958,Microglia
700,X5953STDY8281959,GSC
701,X5953STDY8281961,GSC
702,X5953STDY8281962,GSC
703,X5953STDY8281963,GSC
704,X5953STDY8281964,GSC
705,X5953STDY8281966,Microglia
706,X5953STDY8281967,GSC
707,X5953STDY8281968,GSC
708,X5953STDY8281970,GSC
709,X5953STDY8281973,GSC
710,X5953STDY8281974,GSC
711,X5953STDY8281976,GSC
712,X5953STDY8281977,Microglia
713,X5953STDY8281978,GSC
714,X5953STDY8281979,GSC
715,X5953STDY8281980,GSC
716,X5953STDY8281981,GSC
717,X5953STDY8281982,GSC
718,X5953STDY8281983,GSC
719,X5953STDY8281986,GSC
720,X5953STDY8281988,GSC
721,X5953STDY8281989,Microglia
722,X5953STDY8281990,GSC
723,X5953STDY8281991,GSC
724,X5953STDY8281993,GSC
725,X5953STDY8281994,GSC
726,X5953STDY8281996,Microglia
727,X5953STDY8281997,GSC
728,X5953STDY8281998,GSC
729,X5953STDY8281999,GSC
730,X5953STDY8282000,GSC
731,X5953STDY8282001,Microglia
732,X5953STDY8282003,GSC
733,X5953STDY8282005,GSC
734,X5953STDY8282006,GSC
735,X5953STDY8282008,GSC
736,X5953STDY8282009,GSC
737,X5953STDY8282010,GSC
738,X5953STDY8282011,GSC
739,X5953STDY8282013,GSC
740,X5953STDY8282014,GSC
741,X5953STDY8282015,Microglia
742,X5953STDY8282016,GSC
743,X5953STDY8282017,GSC
744,X5953STDY8282019,GSC
745,X5953STDY8282021,GSC
746,X5953STDY8282022,GSC
747,X5953STDY8282023,GSC
748,X5953STDY8282025,GSC
749,X5953STDY8282026,GSC
750,X5953STDY8282027,GSC
751,X5953STDY8282029,GSC
752,X5953STDY8282030,GSC
753,X5953STDY8282035,GSC
754,X5953STDY8282036,GSC
755,X5953STDY8282039,GSC
756,X5953STDY8282041,GSC
757,X5953STDY8282043,GSC
758,X5953STDY8282044,GSC
759,X5953STDY8282045,GSC
760,X5953STDY8282047,GSC
761,X5953STDY8282048,GSC
762,X5953STDY8282049,GSC
763,X5953STDY8282050,GSC
764,X5953STDY8282051,GSC
765,X5953STDY8282052,GSC
766,X5953STDY8282053,GSC
767,X5953STDY8282054,GSC
768,X5953STDY8282055,GSC
769,X5953STDY8282058,GSC
770,X5953STDY8282060,GSC
771,X5953STDY8282061,GSC
772,X5953STDY8282062,GSC
773,X5953STDY8282063,GSC
774,X5953STDY8282064,GSC
775,X5953STDY8282065,Microglia
776,X5953STDY8282067,GSC
777,X5953STDY8282068,GSC
778,X5953STDY8282069,GSC
779,X5953STDY8282070,GSC
780,X5953STDY8282071,GSC
781,X5953STDY8282072,GSC
782,X5953STDY8282073,GSC
783,X5953STDY8282074,GSC
784,X5953STDY8282076,GSC
785,X5953STDY8282077,GSC
786,X5953STDY8282078,GSC
787,X5953STDY8282079,GSC
788,X5953STDY8282081,GSC
789,X5953STDY8282083,GSC
790,X5953STDY8282084,GSC
791,X5953STDY8282085,GSC
792,X5953STDY8282086,GSC
793,X5953STDY8282087,GSC
794,X5953STDY8282089,GSC
795,X5953STDY8282090,GSC
796,X5953STDY8282092,GSC
797,X5953STDY8282093,Microglia
798,X5953STDY8282095,GSC
799,X5953STDY8282096,GSC
800,X5953STDY8282097,GSC
801,X5953STDY8282098,GSC
802,X5953STDY8282100,GSC
803,X5953STDY8282101,GSC
804,X5953STDY8282102,GSC
805,X5953STDY8282105,GSC
806,X5953STDY8282110,GSC
807,X5953STDY8282111,GSC
808,X5953STDY8282112,GSC
809,X5953STDY8282115,GSC
810,X5953STDY8282117,GSC
811,X5953STDY8282118,GSC
812,X5953STDY8282120,GSC
813,X5953STDY8282121,GSC
814,X5953STDY8282122,GSC
815,X5953STDY8282123,GSC
816,X5953STDY8282124,GSC
817,X5953STDY8282126,GSC
818,X5953STDY8282127,GSC
819,X5953STDY8282129,GSC
820,X5953STDY8282130,GSC
821,X5953STDY8283284,Microglia
822,X5953STDY8283285,Microglia
823,X5953STDY8283286,GSC
824,X5953STDY8283288,Microglia
825,X5953STDY8283289,GSC
826,X5953STDY8283291,Microglia
827,X5953STDY8283292,Microglia
828,X5953STDY8283294,GSC
829,X5953STDY8283296,GSC
830,X5953STDY8283297,Microglia
831,X5953STDY8283298,GSC
832,X5953STDY8283299,GSC
833,X5953STDY8283300,Microglia
834,X5953STDY8283302,Microglia
835,X5953STDY8283304,GSC
836,X5953STDY8283306,Microglia
837,X5953STDY8283307,Microglia
838,X5953STDY8283310,GSC
839,X5953STDY8283312,Microglia
840,X5953STDY8283313,Microglia
841,X5953STDY8283314,Microglia
842,X5953STDY8283315,GSC
843,X5953STDY8283316,GSC
844,X5953STDY8283317,Endothelial Cells
845,X5953STDY8283318,Microglia
846,X5953STDY8283319,GSC
847,X5953STDY8283320,Microglia
848,X5953STDY8283321,GSC
849,X5953STDY8283322,Microglia
850,X5953STDY8283323,Microglia
851,X5953STDY8283325,GSC
852,X5953STDY8283326,Microglia
853,X5953STDY8283327,GSC
854,X5953STDY8283329,Microglia
855,X5953STDY8283331,Microglia
856,X5953STDY8283332,Microglia
857,X5953STDY8283335,GSC
858,X5953STDY8283336,GSC
859,X5953STDY8283337,GSC
860,X5953STDY8283338,GSC
861,X5953STDY8283339,Microglia
862,X5953STDY8283340,GSC
863,X5953STDY8283341,Microglia
864,X5953STDY8283342,Microglia
865,X5953STDY8283344,Microglia
866,X5953STDY8283345,Microglia
867,X5953STDY8283346,Microglia
868,X5953STDY8283349,GSC
869,X5953STDY8283350,GSC
870,X5953STDY8283354,Microglia
871,X5953STDY8283355,Microglia
872,X5953STDY8283357,Microglia
873,X5953STDY8283358,GSC
874,X5953STDY8283359,Microglia
875,X5953STDY8283360,Endothelial Cells
876,X5953STDY8283363,Microglia
877,X5953STDY8283364,Microglia
878,X5953STDY8283365,Microglia
879,X5953STDY8283368,Microglia
880,X5953STDY8283369,Microglia
881,X5953STDY8283370,Microglia
882,X5953STDY8283372,Microglia
883,X5953STDY8283373,GSC
884,X5953STDY8283376,GSC
885,X5953STDY8283379,Microglia
886,X5953STDY8283381,GSC
887,X5953STDY8283382,GSC
888,X5953STDY8283384,GSC
889,X5953STDY8283386,GSC
890,X5953STDY8283387,Microglia
891,X5953STDY8283388,Microglia
892,X5953STDY8283389,Microglia
893,X5953STDY8283390,Microglia
894,X5953STDY8283391,GSC
895,X5953STDY8283394,Microglia
896,X5953STDY8283395,GSC
897,X5953STDY8283396,Microglia
898,X5953STDY8283397,Microglia
899,X5953STDY8283400,GSC
900,X5953STDY8283401,GSC
901,X5953STDY8283403,GSC
902,X5953STDY8283404,GSC
903,X5953STDY8283406,Microglia
904,X5953STDY8283407,Microglia
905,X5953STDY8283409,Microglia
906,X5953STDY8283410,Microglia
907,X5953STDY8283411,Microglia
908,X5953STDY8283412,Microglia
909,X5953STDY8283413,GSC
910,X5953STDY8283414,GSC
911,X5953STDY8283415,GSC
912,X5953STDY8283416,Microglia
913,X5953STDY8283418,Microglia
914,X5953STDY8283419,Microglia
915,X5953STDY8283420,GSC
916,X5953STDY8283423,Microglia
917,X5953STDY8283424,Microglia
918,X5953STDY8283425,Microglia
919,X5953STDY8283426,Endothelial Cells
920,X5953STDY8283428,Microglia
921,X5953STDY8283429,Microglia
922,X5953STDY8283430,GSC
923,X5953STDY8283432,Microglia
924,X5953STDY8283433,GSC
925,X5953STDY8283434,Microglia
926,X5953STDY8283436,GSC
927,X5953STDY8283437,GSC
928,X5953STDY8283438,GSC
929,X5953STDY8283439,GSC
930,X5953STDY8283440,GSC
931,X5953STDY8283441,Endothelial Cells
932,X5953STDY8283445,Microglia
933,X5953STDY8283446,GSC
934,X5953STDY8283447,Microglia
935,X5953STDY8283448,Microglia
936,X5953STDY8283449,Microglia
937,X5953STDY8283450,GSC
938,X5953STDY8283451,Microglia
939,X5953STDY8283453,Microglia
940,X5953STDY8283455,Endothelial Cells
941,X5953STDY8283457,Microglia
942,X5953STDY8283459,GSC
943,X5953STDY8283460,Microglia
944,X5953STDY8283461,Microglia
945,X5953STDY8283462,GSC
946,X5953STDY8283463,Microglia
947,X5953STDY8283464,Microglia
948,X5953STDY8283466,Microglia
949,X5953STDY8283467,GSC
950,X5953STDY8283469,GSC
951,X5953STDY8283470,Microglia
952,X5953STDY8283471,Microglia
953,X5953STDY8283472,GSC
954,X5953STDY8283473,Microglia
955,X5953STDY8283474,GSC
956,X5953STDY8283475,Microglia
957,X5953STDY8283476,GSC
958,X5953STDY8283477,Microglia
959,X5953STDY8283479,Microglia
960,X5953STDY8283480,GSC
961,X5953STDY8283481,GSC
962,X5953STDY8283484,Microglia
963,X5953STDY8283486,Microglia
964,X5953STDY8283487,Microglia
965,X5953STDY8283491,Microglia
966,X5953STDY8283494,GSC
967,X5953STDY8283495,Microglia
968,X5953STDY8283496,Microglia
969,X5953STDY8283498,Microglia
970,X5953STDY8283500,Microglia
971,X5953STDY8283503,Microglia
972,X5953STDY8283505,Microglia
973,X5953STDY8283508,GSC
974,X5953STDY8283509,Microglia
975,X5953STDY8283511,Microglia
976,X5953STDY8283512,GSC
977,X5953STDY8283513,GSC
978,X5953STDY8283514,GSC
979,X5953STDY8283515,Microglia
980,X5953STDY8283516,Microglia
981,X5953STDY8283517,GSC
982,X5953STDY8283520,GSC
983,X5953STDY8283521,Microglia
984,X5953STDY8283523,GSC
985,X5953STDY8283524,GSC
986,X5953STDY8283525,Microglia
987,X5953STDY8283526,Microglia
988,X5953STDY8283527,GSC
989,X5953STDY8283528,Microglia
990,X5953STDY8283530,GSC
991,X5953STDY8283531,Microglia
992,X5953STDY8283532,Microglia
993,X5953STDY8283536,GSC
994,X5953STDY8283538,GSC
995,X5953STDY8283539,Microglia
996,X5953STDY8283540,Microglia
997,X5953STDY8283543,Microglia
998,X5953STDY8283546,GSC
999,X5953STDY8283547,Microglia
1000,X5953STDY8283549,Microglia
1001,X5953STDY8283550,Microglia
1002,X5953STDY8283553,GSC
1003,X5953STDY8283555,GSC
1004,X5953STDY8283557,GSC
1005,X5953STDY8283559,Microglia
1006,X5953STDY8283560,GSC
1007,X5953STDY8283561,Microglia
1008,X5953STDY8283562,Microglia
1009,X5953STDY8283563,GSC
1010,X5953STDY8283564,GSC
1011,X5953STDY8283565,Microglia
1012,X5953STDY8283566,GSC
1013,X5953STDY8283568,Microglia
1014,X5953STDY8283569,GSC
1015,X5953STDY8283570,Microglia
1016,X5953STDY8283572,GSC
1017,X5953STDY8283573,Microglia
1018,X5953STDY8283577,GSC
1019,X5953STDY8283578,Microglia
1020,X5953STDY8283579,Microglia
1021,X5953STDY8283580,Microglia
1022,X5953STDY8283581,GSC
1023,X5953STDY8283582,GSC
1024,X5953STDY8283583,Microglia
1025,X5953STDY8283584,Microglia
1026,X5953STDY8283586,GSC
1027,X5953STDY8283588,Microglia
1028,X5953STDY8283590,GSC
1029,X5953STDY8283591,Microglia
1030,X5953STDY8283593,GSC
1031,X5953STDY8283595,Microglia
1032,X5953STDY8283596,Microglia
1033,X5953STDY8283600,GSC
1034,X5953STDY8283601,Microglia
1035,X5953STDY8283602,Microglia
1036,X5953STDY8283603,GSC
1037,X5953STDY8283605,Microglia
1038,X5953STDY8283608,Microglia
1039,X5953STDY8283609,GSC
1040,X5953STDY8283611,Microglia
1041,X5953STDY8283612,GSC
1042,X5953STDY8283613,Microglia
1043,X5953STDY8283614,GSC
1044,X5953STDY8283615,GSC
1045,X5953STDY8283616,Microglia
1046,X5953STDY8283617,Microglia
1047,X5953STDY8283618,GSC
1048,X5953STDY8283619,GSC
1049,X5953STDY8283620,Microglia
1050,X5953STDY8283621,GSC
1051,X5953STDY8283622,GSC
1052,X5953STDY8283624,GSC
1053,X5953STDY8283625,GSC
1054,X5953STDY8283628,Microglia
1055,X5953STDY8283630,Microglia
1056,X5953STDY8283632,Microglia
1057,X5953STDY8283634,Microglia
1058,X5953STDY8283635,Endothelial Cells
1059,X5953STDY8283639,GSC
1060,X5953STDY8283640,Microglia
1061,X5953STDY8283641,Microglia
1062,X5953STDY8283642,Microglia
1063,X5953STDY8283643,Microglia
1064,X5953STDY8283646,GSC
1065,X5953STDY8283648,Microglia
1066,X5953STDY8283649,GSC
1067,X5953STDY8283650,Microglia
1068,X5953STDY8283651,Microglia
1069,X5953STDY8283652,Microglia
1070,X5953STDY8283653,Microglia
1071,X5953STDY8283654,Microglia
1072,X5953STDY8283657,GSC
1073,X5953STDY8283658,Microglia
1074,X5953STDY8283659,GSC
1075,X5953STDY8283660,GSC
1076,X5953STDY8283663,Microglia
1077,X5953STDY8283664,Microglia
1078,X5953STDY8283665,GSC
1079,X5953STDY8283666,Microglia
1080,X5953STDY8283667,GSC
1081,X5953STDY8283668,GSC
1082,X5953STDY8283669,GSC
1083,X5953STDY8283670,GSC
1084,X5953STDY8283672,GSC
1085,X5953STDY8283673,GSC
1086,X5953STDY8283674,GSC
1087,X5953STDY8283675,GSC
1088,X5953STDY8283676,GSC
1089,X5953STDY8283677,GSC
1090,X5953STDY8283679,GSC
1091,X5953STDY8283681,GSC
1092,X5953STDY8283682,GSC
1093,X5953STDY8283683,GSC
1094,X5953STDY8283684,GSC
1095,X5953STDY8283686,GSC
1096,X5953STDY8283687,GSC
1097,X5953STDY8283688,GSC
1098,X5953STDY8283689,GSC
1099,X5953STDY8283690,GSC
1100,X5953STDY8283691,GSC
1101,X5953STDY8283692,GSC
1102,X5953STDY8283693,GSC
1103,X5953STDY8283694,GSC
1104,X5953STDY8283695,GSC
1105,X5953STDY8283696,GSC
1106,X5953STDY8283697,GSC
1107,X5953STDY8283699,GSC
1108,X5953STDY8283700,GSC
1109,X5953STDY8283701,GSC
1110,X5953STDY8283702,GSC
1111,X5953STDY8283703,GSC
1112,X5953STDY8283704,GSC
1113,X5953STDY8283705,GSC
1114,X5953STDY8283706,GSC
1115,X5953STDY8283707,GSC
1116,X5953STDY8283709,GSC
1117,X5953STDY8283710,GSC
1118,X5953STDY8283711,GSC
1119,X5953STDY8283712,GSC
1120,X5953STDY8283714,GSC
1121,X5953STDY8283715,GSC
1122,X5953STDY8283716,GSC
1123,X5953STDY8283717,GSC
1124,X5953STDY8283718,GSC
1125,X5953STDY8283719,GSC
1126,X5953STDY8283720,GSC
1127,X5953STDY8283721,GSC
1128,X5953STDY8283722,GSC
1129,X5953STDY8283723,GSC
1130,X5953STDY8283724,GSC
1131,X5953STDY8283726,GSC
1132,X5953STDY8283727,GSC
1133,X5953STDY8283728,GSC
1134,X5953STDY8283729,GSC
1135,X5953STDY8283730,GSC
1136,X5953STDY8283731,GSC
1137,X5953STDY8283732,GSC
1138,X5953STDY8283734,GSC
1139,X5953STDY8283735,GSC
1140,X5953STDY8283736,GSC
1141,X5953STDY8283737,GSC
1142,X5953STDY8283738,GSC
1143,X5953STDY8283739,GSC
1144,X5953STDY8283741,GSC
1145,X5953STDY8283742,GSC
1146,X5953STDY8283743,GSC
1147,X5953STDY8283744,GSC
1148,X5953STDY8283746,GSC
1149,X5953STDY8283747,GSC
1150,X5953STDY8283748,GSC
1151,X5953STDY8283749,GSC
1152,X5953STDY8283750,GSC
1153,X5953STDY8283751,GSC
1154,X5953STDY8283753,Microglia
1155,X5953STDY8283754,GSC
1156,X5953STDY8283755,GSC
1157,X5953STDY8283757,GSC
1158,X5953STDY8283758,GSC
1159,X5953STDY8283759,GSC
1160,X5953STDY8283760,GSC
1161,X5953STDY8283761,GSC
1162,X5953STDY8283762,GSC
1163,X5953STDY8283764,GSC
1164,X5953STDY8283765,GSC
1165,X5953STDY8283766,GSC
1166,X5953STDY8283767,GSC
1167,X5953STDY8283768,GSC
1168,X5953STDY8283769,GSC
1169,X5953STDY8283771,GSC
1170,X5953STDY8283772,GSC
1171,X5953STDY8283773,GSC
1172,X5953STDY8283774,GSC
1173,X5953STDY8283775,GSC
1174,X5953STDY8283776,GSC
1175,X5953STDY8283777,GSC
1176,X5953STDY8283779,GSC
1177,X5953STDY8283780,Microglia
1178,X5953STDY8283781,GSC
1179,X5953STDY8283783,Microglia
1180,X5953STDY8283784,GSC
1181,X5953STDY8283785,GSC
1182,X5953STDY8283786,GSC
1183,X5953STDY8283787,GSC
1184,X5953STDY8283788,GSC
1185,X5953STDY8283789,GSC
1186,X5953STDY8283790,GSC
1187,X5953STDY8283791,GSC
1188,X5953STDY8283792,GSC
1189,X5953STDY8283793,GSC
1190,X5953STDY8283794,GSC
1191,X5953STDY8283796,GSC
1192,X5953STDY8283797,GSC
1193,X5953STDY8283798,GSC
1194,X5953STDY8283799,GSC
1195,X5953STDY8283800,GSC
1196,X5953STDY8283802,GSC
1197,X5953STDY8283803,GSC
1198,X5953STDY8283804,GSC
1199,X5953STDY8283805,GSC
1200,X5953STDY8283806,GSC
1201,X5953STDY8283808,GSC
1202,X5953STDY8283809,GSC
1203,X5953STDY8283810,GSC
1204,X5953STDY8283813,GSC
1205,X5953STDY8283814,GSC
1206,X5953STDY8283815,GSC
1207,X5953STDY8283816,GSC
1208,X5953STDY8283817,GSC
1209,X5953STDY8283818,GSC
1210,X5953STDY8283820,GSC
1211,X5953STDY8283821,GSC
1212,X5953STDY8283823,GSC
1213,X5953STDY8283825,GSC
1214,X5953STDY8283826,GSC
1215,X5953STDY8283827,GSC
1216,X5953STDY8283828,GSC
1217,X5953STDY8283829,GSC
1218,X5953STDY8283830,GSC
1219,X5953STDY8283831,GSC
1220,X5953STDY8283832,GSC
1221,X5953STDY8283833,GSC
1222,X5953STDY8283835,GSC
1223,X5953STDY8283837,GSC
1224,X5953STDY8283838,GSC
1225,X5953STDY8283840,GSC
1226,X5953STDY8283841,GSC
1227,X5953STDY8283842,GSC
1228,X5953STDY8283843,GSC
1229,X5953STDY8283844,Microglia
1230,X5953STDY8283846,GSC
1231,X5953STDY8283847,GSC
1232,X5953STDY8283848,GSC
1233,X5953STDY8283849,GSC
1234,X5953STDY8283850,GSC
1235,X5953STDY8283851,Microglia
1236,X5953STDY8283852,GSC
1237,X5953STDY8283854,GSC
1238,X5953STDY8283855,GSC
1239,X5953STDY8283856,GSC
1240,X5953STDY8283857,GSC
1241,X5953STDY8283858,GSC
1242,X5953STDY8283859,GSC
1243,X5953STDY8283860,GSC
1244,X5953STDY8283861,GSC
1245,X5953STDY8283862,GSC
1246,X5953STDY8283863,GSC
1247,X5953STDY8283864,GSC
1248,X5953STDY8283866,GSC
1249,X5953STDY8283867,GSC
1250,X5953STDY8283868,GSC
1251,X5953STDY8283869,GSC
1252,X5953STDY8283870,GSC
1253,X5953STDY8283871,GSC
1254,X5953STDY8283873,GSC
1255,X5953STDY8283875,GSC
1256,X5953STDY8283877,Microglia
1257,X5953STDY8283878,GSC
1258,X5953STDY8283879,Microglia
1259,X5953STDY8283880,GSC
1260,X5953STDY8283881,GSC
1261,X5953STDY8283882,GSC
1262,X5953STDY8283883,GSC
1263,X5953STDY8283884,GSC
1264,X5953STDY8283885,GSC
1265,X5953STDY8283886,GSC
1266,X5953STDY8283887,GSC
1267,X5953STDY8283888,GSC
1268,X5953STDY8283890,GSC
1269,X5953STDY8283891,GSC
1270,X5953STDY8283892,GSC
1271,X5953STDY8283893,Microglia
1272,X5953STDY8283896,GSC
1273,X5953STDY8283898,GSC
1274,X5953STDY8283899,GSC
1275,X5953STDY8283900,Microglia
1276,X5953STDY8283901,GSC
1277,X5953STDY8283902,GSC
1278,X5953STDY8283903,GSC
1279,X5953STDY8283904,GSC
1280,X5953STDY8283905,GSC
1281,X5953STDY8283906,GSC
1282,X5953STDY8283907,GSC
1283,X5953STDY8283908,GSC
1284,X5953STDY8283909,GSC
1285,X5953STDY8283910,GSC
1286,X5953STDY8283911,GSC
1287,X5953STDY8283912,GSC
1288,X5953STDY8283913,GSC
1289,X5953STDY8283915,GSC
1290,X5953STDY8283916,GSC
1291,X5953STDY8283917,GSC
1292,X5953STDY8283920,GSC
1293,X5953STDY8283921,GSC
1294,X5953STDY8283922,GSC
1295,X5953STDY8283924,GSC
1296,X5953STDY8283925,Microglia
1297,X5953STDY8283926,Endothelial Cells
1298,X5953STDY8283927,GSC
1299,X5953STDY8283928,Microglia
1300,X5953STDY8283929,GSC
1301,X5953STDY8283930,GSC
1302,X5953STDY8283931,GSC
1303,X5953STDY8283932,GSC
1304,X5953STDY8283933,GSC
1305,X5953STDY8283935,GSC
1306,X5953STDY8283936,GSC
1307,X5953STDY8283937,GSC
1308,X5953STDY8283939,GSC
1309,X5953STDY8283940,GSC
1310,X5953STDY8283941,GSC
1311,X5953STDY8283942,GSC
1312,X5953STDY8283943,GSC
1313,X5953STDY8283945,GSC
1314,X5953STDY8283946,GSC
1315,X5953STDY8283949,GSC
1316,X5953STDY8283950,GSC
1317,X5953STDY8283951,GSC
1318,X5953STDY8283952,GSC
1319,X5953STDY8283953,GSC
1320,X5953STDY8283954,GSC
1321,X5953STDY8283955,GSC
1322,X5953STDY8283956,GSC
1323,X5953STDY8283957,GSC
1324,X5953STDY8283958,GSC
1325,X5953STDY8283959,GSC
1326,X5953STDY8283960,GSC
1327,X5953STDY8283961,GSC
1328,X5953STDY8283962,GSC
1329,X5953STDY8283963,Microglia
1330,X5953STDY8283964,GSC
1331,X5953STDY8283966,GSC
1332,X5953STDY8283967,GSC
1333,X5953STDY8283968,GSC
1334,X5953STDY8283969,GSC
1335,X5953STDY8283970,GSC
1336,X5953STDY8283974,GSC
1337,X5953STDY8283975,GSC
1338,X5953STDY8283976,Microglia
1339,X5953STDY8283977,GSC
1340,X5953STDY8283978,GSC
1341,X5953STDY8283979,GSC
1342,X5953STDY8283980,GSC
1343,X5953STDY8283981,GSC
1344,X5953STDY8283982,GSC
1345,X5953STDY8283983,GSC
1346,X5953STDY8283984,GSC
1347,X5953STDY8283985,GSC
1348,X5953STDY8283986,GSC
1349,X5953STDY8283988,GSC
1350,X5953STDY8283990,Microglia
1351,X5953STDY8283991,GSC
1352,X5953STDY8283992,GSC
1353,X5953STDY8283993,GSC
1354,X5953STDY8283994,GSC
1355,X5953STDY8283995,GSC
1356,X5953STDY8283996,GSC
1357,X5953STDY8283997,GSC
1358,X5953STDY8283998,Microglia
1359,X5953STDY8283999,GSC
1360,X5953STDY8284000,Microglia
1361,X5953STDY8284001,GSC
1362,X5953STDY8284002,GSC
1363,X5953STDY8284003,GSC
1364,X5953STDY8284004,GSC
1365,X5953STDY8284005,GSC
1366,X5953STDY8284006,GSC
1367,X5953STDY8284007,Microglia
1368,X5953STDY8284008,GSC
1369,X5953STDY8284009,GSC
1370,X5953STDY8284010,GSC
1371,X5953STDY8284011,GSC
1372,X5953STDY8284012,Microglia
1373,X5953STDY8284013,Microglia
1374,X5953STDY8284014,GSC
1375,X5953STDY8284015,GSC
1376,X5953STDY8284016,GSC
1377,X5953STDY8284018,Microglia
1378,X5953STDY8284019,GSC
1379,X5953STDY8284020,GSC
1380,X5953STDY8284021,GSC
1381,X5953STDY8284022,GSC
1382,X5953STDY8284023,GSC
1383,X5953STDY8284024,GSC
1384,X5953STDY8284025,GSC
1385,X5953STDY8284028,Microglia
1386,X5953STDY8284029,GSC
1387,X5953STDY8284030,GSC
1388,X5953STDY8284031,GSC
1389,X5953STDY8284032,GSC
1390,X5953STDY8284033,GSC
1391,X5953STDY8284035,GSC
1392,X5953STDY8284036,Microglia
1393,X5953STDY8284037,GSC
1394,X5953STDY8284039,GSC
1395,X5953STDY8284040,GSC
1396,X5953STDY8284042,GSC
1397,X5953STDY8284044,GSC
1398,X5953STDY8284045,GSC
1399,X5953STDY8284046,GSC
1400,X5953STDY8284047,GSC
1401,X5953STDY8284048,GSC
1402,X5953STDY8284049,GSC
1403,X5953STDY8284050,Microglia
1404,X5953STDY8613916,GSC
1405,X5953STDY8613917,GSC
1406,X5953STDY8613918,GSC
1407,X5953STDY8613919,Microglia
1408,X5953STDY8613921,GSC
1409,X5953STDY8613922,Microglia
1410,X5953STDY8613923,GSC
1411,X5953STDY8613924,GSC
1412,X5953STDY8613925,GSC
1413,X5953STDY8613926,GSC
1414,X5953STDY8613927,GSC
1415,X5953STDY8613928,GSC
1416,X5953STDY8613929,GSC
1417,X5953STDY8613931,Microglia
1418,X5953STDY8613933,GSC
1419,X5953STDY8613934,GSC
1420,X5953STDY8613935,GSC
1421,X5953STDY8613936,GSC
1422,X5953STDY8613939,GSC
1423,X5953STDY8613940,GSC
1424,X5953STDY8613941,GSC
1425,X5953STDY8613942,GSC
1426,X5953STDY8613943,Microglia
1427,X5953STDY8613945,GSC
1428,X5953STDY8613947,GSC
1429,X5953STDY8613950,GSC
1430,X5953STDY8613951,GSC
1431,X5953STDY8613952,GSC
1432,X5953STDY8613954,GSC
1433,X5953STDY8613955,GSC
1434,X5953STDY8613957,GSC
1435,X5953STDY8613958,GSC
1436,X5953STDY8613959,GSC
1437,X5953STDY8613960,GSC
1438,X5953STDY8613961,Microglia
1439,X5953STDY8613962,GSC
1440,X5953STDY8613963,GSC
1441,X5953STDY8613964,GSC
1442,X5953STDY8613966,Microglia
1443,X5953STDY8613967,GSC
1444,X5953STDY8613968,Microglia
1445,X5953STDY8613969,GSC
1446,X5953STDY8613970,GSC
1447,X5953STDY8613971,GSC
1448,X5953STDY8613972,GSC
1449,X5953STDY8613973,GSC
1450,X5953STDY8613980,Microglia
1451,X5953STDY8613981,GSC
1452,X5953STDY8613983,GSC
1453,X5953STDY8613984,GSC
1454,X5953STDY8613986,GSC
1455,X5953STDY8613987,GSC
1456,X5953STDY8613989,GSC
1457,X5953STDY8613990,GSC
1458,X5953STDY8613991,GSC
1459,X5953STDY8613992,Microglia
1460,X5953STDY8613993,GSC
1461,X5953STDY8613994,GSC
1462,X5953STDY8613996,Microglia
1463,X5953STDY8613997,GSC
1464,X5953STDY8613998,GSC
1465,X5953STDY8614000,GSC
1466,X5953STDY8614001,Microglia
1467,X5953STDY8614002,GSC
1468,X5953STDY8614003,GSC
1469,X5953STDY8614004,GSC
1470,X5953STDY8614005,GSC
1471,X5953STDY8614006,GSC
1472,X5953STDY8614007,Microglia
1473,X5953STDY8614008,GSC
1474,X5953STDY8614010,GSC
1475,X5953STDY8614011,GSC
1476,X5953STDY8614012,GSC
1477,X5953STDY8614013,GSC
1478,X5953STDY8614014,Microglia
1479,X5953STDY8614016,GSC
1480,X5953STDY8614017,GSC
1481,X5953STDY8614018,GSC
1482,X5953STDY8614020,Microglia
1483,X5953STDY8614021,GSC
1484,X5953STDY8614022,GSC
1485,X5953STDY8614024,GSC
1486,X5953STDY8614025,GSC
1487,X5953STDY8614026,Microglia
1488,X5953STDY8614027,GSC
1489,X5953STDY8614029,GSC
1490,X5953STDY8614030,GSC
1491,X5953STDY8614031,GSC
1492,X5953STDY8614032,GSC
1493,X5953STDY8614034,GSC
1494,X5953STDY8614035,GSC
1495,X5953STDY8614036,Microglia
1496,X5953STDY8614038,GSC
1497,X5953STDY8614039,GSC
1498,X5953STDY8614040,GSC
1499,X5953STDY8614041,GSC
1500,X5953STDY8614042,GSC
1501,X5953STDY8614043,GSC
1502,X5953STDY8614044,GSC
1503,X5953STDY8614047,GSC
1504,X5953STDY8614048,GSC
1505,X5953STDY8614049,GSC
1506,X5953STDY8614050,GSC
1507,X5953STDY8614051,GSC
1508,X5953STDY8614052,GSC
1509,X5953STDY8614053,GSC
1510,X5953STDY8614054,GSC
1511,X5953STDY8614055,GSC
1512,X5953STDY8614056,GSC
1513,X5953STDY8614057,Microglia
1514,X5953STDY8614058,Microglia
1515,X5953STDY8614059,GSC
1516,X5953STDY8614060,GSC
1517,X5953STDY8614061,GSC
1518,X5953STDY8614062,GSC
1519,X5953STDY8614063,GSC
1520,X5953STDY8614064,GSC
1521,X5953STDY8614065,GSC
1522,X5953STDY8614066,GSC
1523,X5953STDY8614067,GSC
1524,X5953STDY8614068,GSC
1525,X5953STDY8614069,GSC
1526,X5953STDY8614070,GSC
1527,X5953STDY8614071,GSC
1528,X5953STDY8614072,GSC
1529,X5953STDY8614073,GSC
1530,X5953STDY8614074,GSC
1531,X5953STDY8614075,GSC
1532,X5953STDY8614076,GSC
1533,X5953STDY8614077,Microglia
1534,X5953STDY8614078,GSC
1535,X5953STDY8614079,GSC
1536,X5953STDY8614080,GSC
1537,X5953STDY8614082,GSC
1538,X5953STDY8614083,GSC
1539,X5953STDY8614084,GSC
1540,X5953STDY8614085,Microglia
1541,X5953STDY8614086,GSC
1542,X5953STDY8614087,GSC
1543,X5953STDY8614088,GSC
1544,X5953STDY8614089,GSC
1545,X5953STDY8614090,GSC
1546,X5953STDY8614091,GSC
1547,X5953STDY8614092,GSC
1548,X5953STDY8614094,GSC
1549,X5953STDY8614095,GSC
1550,X5953STDY8614096,GSC
1551,X5953STDY8614098,GSC
1552,X5953STDY8614099,GSC
1553,X5953STDY8614101,GSC
1554,X5953STDY8614102,Microglia
1555,X5953STDY8614103,GSC
1556,X5953STDY8614104,GSC
1557,X5953STDY8614105,GSC
1558,X5953STDY8614106,GSC
1559,X5953STDY8614107,GSC
1560,X5953STDY8614108,GSC
1561,X5953STDY8614109,GSC
1562,X5953STDY8614110,GSC
1563,X5953STDY8614111,GSC
1564,X5953STDY8614112,GSC
1565,X5953STDY8614113,Microglia
1566,X5953STDY8614114,GSC
1567,X5953STDY8614115,GSC
1568,X5953STDY8614116,GSC
1569,X5953STDY8614117,GSC
1570,X5953STDY8614118,Microglia
1571,X5953STDY8614119,GSC
1572,X5953STDY8614120,GSC
1573,X5953STDY8614121,Microglia
1574,X5953STDY8614122,GSC
1575,X5953STDY8614123,GSC
1576,X5953STDY8614124,GSC
1577,X5953STDY8614125,GSC
1578,X5953STDY8614126,GSC
1579,X5953STDY8614127,GSC
1580,X5953STDY8614128,Microglia
1581,X5953STDY8614129,Microglia
1582,X5953STDY8614130,GSC
1583,X5953STDY8614131,GSC
1584,X5953STDY8614132,GSC
1585,X5953STDY8614133,GSC
1586,X5953STDY8614134,GSC
1587,X5953STDY8614135,GSC
1588,X5953STDY8614136,GSC
1589,X5953STDY8614137,GSC
1590,X5953STDY8614138,GSC
1591,X5953STDY8614139,GSC
1592,X5953STDY8614140,GSC
1593,X5953STDY8614141,GSC
1594,X5953STDY8614142,GSC
1595,X5953STDY8614143,GSC
1596,X5953STDY8614144,GSC
1597,X5953STDY8614145,GSC
1598,X5953STDY8614146,GSC
1599,X5953STDY8614147,GSC
1600,X5953STDY8614148,GSC
1601,X5953STDY8614149,GSC
1602,X5953STDY8614150,GSC
1603,X5953STDY8614151,GSC
1604,X5953STDY8614152,GSC
1605,X5953STDY8614153,GSC
1606,X5953STDY8614155,GSC
1607,X5953STDY8614157,GSC
1608,X5953STDY8614158,GSC
1609,X5953STDY8614159,GSC
1610,X5953STDY8614160,GSC
1611,X5953STDY8614161,GSC
1612,X5953STDY8614162,GSC
1613,X5953STDY8614163,GSC
1614,X5953STDY8614164,GSC
1615,X5953STDY8614166,GSC
1616,X5953STDY8614167,GSC
1617,X5953STDY8614168,GSC
1618,X5953STDY8614169,GSC
1619,X5953STDY8614170,GSC
1620,X5953STDY8614171,GSC
1621,X5953STDY8614173,GSC
1622,X5953STDY8614174,GSC
1623,X5953STDY8614176,GSC
1624,X5953STDY8614177,GSC
1625,X5953STDY8614178,GSC
1626,X5953STDY8614179,GSC
1627,X5953STDY8614181,GSC
1628,X5953STDY8614182,GSC
1629,X5953STDY8614183,GSC
1630,X5953STDY8614184,GSC
1631,X5953STDY8614185,GSC
1632,X5953STDY8614186,GSC
1633,X5953STDY8614187,GSC
1634,X5953STDY8614188,GSC
1635,X5953STDY8614189,GSC
1636,X5953STDY8614190,GSC
1637,X5953STDY8614191,GSC
1638,X5953STDY8614192,GSC
1639,X5953STDY8614193,Microglia
1640,X5953STDY8614194,GSC
1641,X5953STDY8614195,GSC
1642,X5953STDY8614197,GSC
1643,X5953STDY8614198,GSC
1644,X5953STDY8614199,GSC
1645,X5953STDY8614200,GSC
1646,X5953STDY8614201,GSC
1647,X5953STDY8614202,GSC
1648,X5953STDY8614203,GSC
1649,X5953STDY8614204,GSC
1650,X5953STDY8614205,GSC
1651,X5953STDY8614206,GSC
1652,X5953STDY8614207,GSC
1653,X5953STDY8614208,GSC
1654,X5953STDY8614210,GSC
1655,X5953STDY8614211,GSC
1656,X5953STDY8614212,GSC
1657,X5953STDY8614213,GSC
1658,X5953STDY8614214,GSC
1659,X5953STDY8614215,GSC
1660,X5953STDY8614216,Microglia
1661,X5953STDY8614218,GSC
1662,X5953STDY8614219,GSC
1663,X5953STDY8614220,GSC
1664,X5953STDY8614221,Microglia
1665,X5953STDY8614222,GSC
1666,X5953STDY8614223,GSC
1667,X5953STDY8614224,Microglia
1668,X5953STDY8614226,GSC
1669,X5953STDY8614227,GSC
1670,X5953STDY8614228,GSC
1671,X5953STDY8614229,GSC
1672,X5953STDY8614230,GSC
1673,X5953STDY8614233,GSC
1674,X5953STDY8614234,GSC
1675,X5953STDY8614235,GSC
1676,X5953STDY8614237,GSC
1677,X5953STDY8614238,GSC
1678,X5953STDY8614239,GSC
1679,X5953STDY8614242,GSC
1680,X5953STDY8614243,GSC
1681,X5953STDY8614244,Microglia
1682,X5953STDY8614246,GSC
1683,X5953STDY8614247,GSC
1684,X5953STDY8614248,GSC
1685,X5953STDY8614249,GSC
1686,X5953STDY8614251,Microglia
1687,X5953STDY8614252,GSC
1688,X5953STDY8614253,GSC
1689,X5953STDY8614254,GSC
1690,X5953STDY8614255,Microglia
1691,X5953STDY8614256,GSC
1692,X5953STDY8614257,GSC
1693,X5953STDY8614258,GSC
1694,X5953STDY8614259,GSC
1695,X5953STDY8614260,GSC
1696,X5953STDY8614261,GSC
1697,X5953STDY8614262,Microglia
1698,X5953STDY8614263,GSC
1699,X5953STDY8614264,GSC
1700,X5953STDY8614265,GSC
1701,X5953STDY8614266,GSC
1702,X5953STDY8614267,GSC
1703,X5953STDY8614269,GSC
1704,X5953STDY8614270,GSC
1705,X5953STDY8614271,GSC
1706,X5953STDY8614272,GSC
1707,X5953STDY8614274,GSC
1708,X5953STDY8614275,GSC
1709,X5953STDY8614278,GSC
1710,X5953STDY8614280,GSC
1711,X5953STDY8614281,GSC
1712,X5953STDY8614282,GSC
1713,X5953STDY8614283,GSC
1714,X5953STDY8614284,GSC
1715,X5953STDY8614285,GSC
1716,X5953STDY8614287,GSC
1717,X5953STDY8614288,GSC
1718,X5953STDY8614289,GSC
1719,X5953STDY8614290,GSC
1720,X5953STDY8614291,GSC
1721,X5953STDY8614292,GSC
1722,X5953STDY8614294,GSC
1723,X5953STDY8614295,GSC
1724,X5953STDY8614296,GSC
1725,X5953STDY8614298,GSC
