,SampleName
X5953STDY8282899,X5953STDY8282899
X5953STDY8282900,X5953STDY8282900
X5953STDY8282901,X5953STDY8282901
X5953STDY8282902,X5953STDY8282902
X5953STDY8282903,X5953STDY8282903
X5953STDY8282906,X5953STDY8282906
X5953STDY8282907,X5953STDY8282907
X5953STDY8282908,X5953STDY8282908
X5953STDY8282909,X5953STDY8282909
X5953STDY8282910,X5953STDY8282910
X5953STDY8282911,X5953STDY8282911
X5953STDY8282912,X5953STDY8282912
X5953STDY8282915,X5953STDY8282915
X5953STDY8282917,X5953STDY8282917
X5953STDY8282918,X5953STDY8282918
X5953STDY8282922,X5953STDY8282922
X5953STDY8282924,X5953STDY8282924
X5953STDY8282925,X5953STDY8282925
X5953STDY8282928,X5953STDY8282928
X5953STDY8282929,X5953STDY8282929
X5953STDY8282931,X5953STDY8282931
X5953STDY8282934,X5953STDY8282934
X5953STDY8282938,X5953STDY8282938
X5953STDY8282939,X5953STDY8282939
X5953STDY8282940,X5953STDY8282940
X5953STDY8282942,X5953STDY8282942
X5953STDY8282943,X5953STDY8282943
X5953STDY8282945,X5953STDY8282945
X5953STDY8282947,X5953STDY8282947
X5953STDY8282948,X5953STDY8282948
X5953STDY8282951,X5953STDY8282951
X5953STDY8282953,X5953STDY8282953
X5953STDY8282954,X5953STDY8282954
X5953STDY8282955,X5953STDY8282955
X5953STDY8282957,X5953STDY8282957
X5953STDY8282958,X5953STDY8282958
X5953STDY8282959,X5953STDY8282959
X5953STDY8282960,X5953STDY8282960
X5953STDY8282962,X5953STDY8282962
X5953STDY8282964,X5953STDY8282964
X5953STDY8282966,X5953STDY8282966
X5953STDY8282967,X5953STDY8282967
X5953STDY8282972,X5953STDY8282972
X5953STDY8282973,X5953STDY8282973
X5953STDY8282977,X5953STDY8282977
X5953STDY8282980,X5953STDY8282980
X5953STDY8282982,X5953STDY8282982
X5953STDY8282984,X5953STDY8282984
X5953STDY8282985,X5953STDY8282985
X5953STDY8282986,X5953STDY8282986
X5953STDY8282988,X5953STDY8282988
X5953STDY8282989,X5953STDY8282989
X5953STDY8282991,X5953STDY8282991
X5953STDY8282992,X5953STDY8282992
X5953STDY8282993,X5953STDY8282993
X5953STDY8282995,X5953STDY8282995
X5953STDY8282997,X5953STDY8282997
X5953STDY8283001,X5953STDY8283001
X5953STDY8283002,X5953STDY8283002
X5953STDY8283003,X5953STDY8283003
X5953STDY8283008,X5953STDY8283008
X5953STDY8283016,X5953STDY8283016
X5953STDY8283019,X5953STDY8283019
X5953STDY8283020,X5953STDY8283020
X5953STDY8283021,X5953STDY8283021
X5953STDY8283022,X5953STDY8283022
X5953STDY8283027,X5953STDY8283027
X5953STDY8283028,X5953STDY8283028
X5953STDY8283032,X5953STDY8283032
X5953STDY8283034,X5953STDY8283034
X5953STDY8283037,X5953STDY8283037
X5953STDY8283038,X5953STDY8283038
X5953STDY8283046,X5953STDY8283046
X5953STDY8283049,X5953STDY8283049
X5953STDY8283050,X5953STDY8283050
X5953STDY8283051,X5953STDY8283051
X5953STDY8283053,X5953STDY8283053
X5953STDY8283054,X5953STDY8283054
X5953STDY8283056,X5953STDY8283056
X5953STDY8283058,X5953STDY8283058
X5953STDY8283060,X5953STDY8283060
X5953STDY8283061,X5953STDY8283061
X5953STDY8283062,X5953STDY8283062
X5953STDY8283063,X5953STDY8283063
X5953STDY8283066,X5953STDY8283066
X5953STDY8283068,X5953STDY8283068
X5953STDY8283069,X5953STDY8283069
X5953STDY8283070,X5953STDY8283070
X5953STDY8283071,X5953STDY8283071
X5953STDY8283074,X5953STDY8283074
X5953STDY8283077,X5953STDY8283077
X5953STDY8283078,X5953STDY8283078
X5953STDY8283079,X5953STDY8283079
X5953STDY8283080,X5953STDY8283080
X5953STDY8283081,X5953STDY8283081
X5953STDY8283082,X5953STDY8283082
X5953STDY8283084,X5953STDY8283084
X5953STDY8283085,X5953STDY8283085
X5953STDY8283087,X5953STDY8283087
X5953STDY8283088,X5953STDY8283088
X5953STDY8283089,X5953STDY8283089
X5953STDY8283092,X5953STDY8283092
X5953STDY8283093,X5953STDY8283093
X5953STDY8283096,X5953STDY8283096
X5953STDY8283099,X5953STDY8283099
X5953STDY8283106,X5953STDY8283106
X5953STDY8283108,X5953STDY8283108
X5953STDY8283110,X5953STDY8283110
X5953STDY8283111,X5953STDY8283111
X5953STDY8283113,X5953STDY8283113
X5953STDY8283114,X5953STDY8283114
X5953STDY8283115,X5953STDY8283115
X5953STDY8283119,X5953STDY8283119
X5953STDY8283121,X5953STDY8283121
X5953STDY8283122,X5953STDY8283122
X5953STDY8283124,X5953STDY8283124
X5953STDY8283126,X5953STDY8283126
X5953STDY8283128,X5953STDY8283128
X5953STDY8283130,X5953STDY8283130
X5953STDY8283131,X5953STDY8283131
X5953STDY8283133,X5953STDY8283133
X5953STDY8283135,X5953STDY8283135
X5953STDY8283136,X5953STDY8283136
X5953STDY8283138,X5953STDY8283138
X5953STDY8283140,X5953STDY8283140
X5953STDY8283141,X5953STDY8283141
X5953STDY8283142,X5953STDY8283142
X5953STDY8283143,X5953STDY8283143
X5953STDY8283144,X5953STDY8283144
X5953STDY8283145,X5953STDY8283145
X5953STDY8283147,X5953STDY8283147
X5953STDY8283150,X5953STDY8283150
X5953STDY8283151,X5953STDY8283151
X5953STDY8283152,X5953STDY8283152
X5953STDY8283155,X5953STDY8283155
X5953STDY8283156,X5953STDY8283156
X5953STDY8283160,X5953STDY8283160
X5953STDY8283163,X5953STDY8283163
X5953STDY8283166,X5953STDY8283166
X5953STDY8283168,X5953STDY8283168
X5953STDY8283169,X5953STDY8283169
X5953STDY8283173,X5953STDY8283173
X5953STDY8283175,X5953STDY8283175
X5953STDY8283177,X5953STDY8283177
X5953STDY8283180,X5953STDY8283180
X5953STDY8283181,X5953STDY8283181
X5953STDY8283182,X5953STDY8283182
X5953STDY8283183,X5953STDY8283183
X5953STDY8283184,X5953STDY8283184
X5953STDY8283185,X5953STDY8283185
X5953STDY8283186,X5953STDY8283186
X5953STDY8283188,X5953STDY8283188
X5953STDY8283190,X5953STDY8283190
X5953STDY8283192,X5953STDY8283192
X5953STDY8283193,X5953STDY8283193
X5953STDY8283194,X5953STDY8283194
X5953STDY8283200,X5953STDY8283200
X5953STDY8283201,X5953STDY8283201
X5953STDY8283203,X5953STDY8283203
X5953STDY8283204,X5953STDY8283204
X5953STDY8283206,X5953STDY8283206
X5953STDY8283208,X5953STDY8283208
X5953STDY8283211,X5953STDY8283211
X5953STDY8283212,X5953STDY8283212
X5953STDY8283213,X5953STDY8283213
X5953STDY8283215,X5953STDY8283215
X5953STDY8283216,X5953STDY8283216
X5953STDY8283218,X5953STDY8283218
X5953STDY8283223,X5953STDY8283223
X5953STDY8283225,X5953STDY8283225
X5953STDY8283226,X5953STDY8283226
X5953STDY8283228,X5953STDY8283228
X5953STDY8283231,X5953STDY8283231
X5953STDY8283232,X5953STDY8283232
X5953STDY8283233,X5953STDY8283233
X5953STDY8283234,X5953STDY8283234
X5953STDY8283235,X5953STDY8283235
X5953STDY8283238,X5953STDY8283238
X5953STDY8283239,X5953STDY8283239
X5953STDY8283240,X5953STDY8283240
X5953STDY8283242,X5953STDY8283242
X5953STDY8283243,X5953STDY8283243
X5953STDY8283245,X5953STDY8283245
X5953STDY8283249,X5953STDY8283249
X5953STDY8283250,X5953STDY8283250
X5953STDY8283251,X5953STDY8283251
X5953STDY8283252,X5953STDY8283252
X5953STDY8283253,X5953STDY8283253
X5953STDY8283255,X5953STDY8283255
X5953STDY8283256,X5953STDY8283256
X5953STDY8283259,X5953STDY8283259
X5953STDY8283260,X5953STDY8283260
X5953STDY8283261,X5953STDY8283261
X5953STDY8283262,X5953STDY8283262
X5953STDY8283264,X5953STDY8283264
X5953STDY8283269,X5953STDY8283269
X5953STDY8283270,X5953STDY8283270
X5953STDY8283271,X5953STDY8283271
X5953STDY8283272,X5953STDY8283272
X5953STDY8283274,X5953STDY8283274
X5953STDY8283275,X5953STDY8283275
X5953STDY8283276,X5953STDY8283276
X5953STDY8283281,X5953STDY8283281
X5953STDY8283282,X5953STDY8283282
X5953STDY8613147,X5953STDY8613147
X5953STDY8613148,X5953STDY8613148
X5953STDY8613149,X5953STDY8613149
X5953STDY8613150,X5953STDY8613150
X5953STDY8613152,X5953STDY8613152
X5953STDY8613153,X5953STDY8613153
X5953STDY8613154,X5953STDY8613154
X5953STDY8613155,X5953STDY8613155
X5953STDY8613157,X5953STDY8613157
X5953STDY8613158,X5953STDY8613158
X5953STDY8613159,X5953STDY8613159
X5953STDY8613160,X5953STDY8613160
X5953STDY8613161,X5953STDY8613161
X5953STDY8613162,X5953STDY8613162
X5953STDY8613163,X5953STDY8613163
X5953STDY8613164,X5953STDY8613164
X5953STDY8613165,X5953STDY8613165
X5953STDY8613166,X5953STDY8613166
X5953STDY8613167,X5953STDY8613167
X5953STDY8613168,X5953STDY8613168
X5953STDY8613169,X5953STDY8613169
X5953STDY8613170,X5953STDY8613170
X5953STDY8613171,X5953STDY8613171
X5953STDY8613173,X5953STDY8613173
X5953STDY8613174,X5953STDY8613174
X5953STDY8613176,X5953STDY8613176
X5953STDY8613177,X5953STDY8613177
X5953STDY8613178,X5953STDY8613178
X5953STDY8613179,X5953STDY8613179
X5953STDY8613180,X5953STDY8613180
X5953STDY8613181,X5953STDY8613181
X5953STDY8613182,X5953STDY8613182
X5953STDY8613183,X5953STDY8613183
X5953STDY8613184,X5953STDY8613184
X5953STDY8613185,X5953STDY8613185
X5953STDY8613187,X5953STDY8613187
X5953STDY8613188,X5953STDY8613188
X5953STDY8613189,X5953STDY8613189
X5953STDY8613191,X5953STDY8613191
X5953STDY8613192,X5953STDY8613192
X5953STDY8613193,X5953STDY8613193
X5953STDY8613194,X5953STDY8613194
X5953STDY8613195,X5953STDY8613195
X5953STDY8613196,X5953STDY8613196
X5953STDY8613197,X5953STDY8613197
X5953STDY8613198,X5953STDY8613198
X5953STDY8613199,X5953STDY8613199
X5953STDY8613200,X5953STDY8613200
X5953STDY8613201,X5953STDY8613201
X5953STDY8613202,X5953STDY8613202
X5953STDY8613204,X5953STDY8613204
X5953STDY8613206,X5953STDY8613206
X5953STDY8613207,X5953STDY8613207
X5953STDY8613208,X5953STDY8613208
X5953STDY8613209,X5953STDY8613209
X5953STDY8613210,X5953STDY8613210
X5953STDY8613211,X5953STDY8613211
X5953STDY8613214,X5953STDY8613214
X5953STDY8613215,X5953STDY8613215
X5953STDY8613216,X5953STDY8613216
X5953STDY8613217,X5953STDY8613217
X5953STDY8613218,X5953STDY8613218
X5953STDY8613219,X5953STDY8613219
X5953STDY8613220,X5953STDY8613220
X5953STDY8613223,X5953STDY8613223
X5953STDY8613225,X5953STDY8613225
X5953STDY8613226,X5953STDY8613226
X5953STDY8613228,X5953STDY8613228
X5953STDY8613229,X5953STDY8613229
X5953STDY8613230,X5953STDY8613230
X5953STDY8613231,X5953STDY8613231
X5953STDY8613232,X5953STDY8613232
X5953STDY8613233,X5953STDY8613233
X5953STDY8613234,X5953STDY8613234
X5953STDY8613236,X5953STDY8613236
X5953STDY8613237,X5953STDY8613237
X5953STDY8613239,X5953STDY8613239
X5953STDY8613241,X5953STDY8613241
X5953STDY8613242,X5953STDY8613242
X5953STDY8613725,X5953STDY8613725
X5953STDY8613726,X5953STDY8613726
X5953STDY8613727,X5953STDY8613727
X5953STDY8613728,X5953STDY8613728
X5953STDY8613729,X5953STDY8613729
X5953STDY8613730,X5953STDY8613730
X5953STDY8613731,X5953STDY8613731
X5953STDY8613733,X5953STDY8613733
X5953STDY8613734,X5953STDY8613734
X5953STDY8613735,X5953STDY8613735
X5953STDY8613736,X5953STDY8613736
X5953STDY8613737,X5953STDY8613737
X5953STDY8613739,X5953STDY8613739
X5953STDY8613740,X5953STDY8613740
X5953STDY8613741,X5953STDY8613741
X5953STDY8613742,X5953STDY8613742
X5953STDY8613743,X5953STDY8613743
X5953STDY8613744,X5953STDY8613744
X5953STDY8613745,X5953STDY8613745
X5953STDY8613746,X5953STDY8613746
X5953STDY8613747,X5953STDY8613747
X5953STDY8613748,X5953STDY8613748
X5953STDY8613749,X5953STDY8613749
X5953STDY8613751,X5953STDY8613751
X5953STDY8613752,X5953STDY8613752
X5953STDY8613753,X5953STDY8613753
X5953STDY8613754,X5953STDY8613754
X5953STDY8613755,X5953STDY8613755
X5953STDY8613756,X5953STDY8613756
X5953STDY8613757,X5953STDY8613757
X5953STDY8613758,X5953STDY8613758
X5953STDY8613759,X5953STDY8613759
X5953STDY8613760,X5953STDY8613760
X5953STDY8613761,X5953STDY8613761
X5953STDY8613762,X5953STDY8613762
X5953STDY8613765,X5953STDY8613765
X5953STDY8613767,X5953STDY8613767
X5953STDY8613768,X5953STDY8613768
X5953STDY8613770,X5953STDY8613770
X5953STDY8613771,X5953STDY8613771
X5953STDY8613772,X5953STDY8613772
X5953STDY8613773,X5953STDY8613773
X5953STDY8613774,X5953STDY8613774
X5953STDY8613775,X5953STDY8613775
X5953STDY8613776,X5953STDY8613776
X5953STDY8613777,X5953STDY8613777
X5953STDY8613778,X5953STDY8613778
X5953STDY8613779,X5953STDY8613779
X5953STDY8613781,X5953STDY8613781
X5953STDY8613782,X5953STDY8613782
X5953STDY8613783,X5953STDY8613783
X5953STDY8613784,X5953STDY8613784
X5953STDY8613785,X5953STDY8613785
X5953STDY8613786,X5953STDY8613786
X5953STDY8613787,X5953STDY8613787
X5953STDY8613788,X5953STDY8613788
X5953STDY8613789,X5953STDY8613789
X5953STDY8613790,X5953STDY8613790
X5953STDY8613791,X5953STDY8613791
X5953STDY8613793,X5953STDY8613793
X5953STDY8613795,X5953STDY8613795
X5953STDY8613796,X5953STDY8613796
X5953STDY8613797,X5953STDY8613797
X5953STDY8613799,X5953STDY8613799
X5953STDY8613800,X5953STDY8613800
X5953STDY8613801,X5953STDY8613801
X5953STDY8613802,X5953STDY8613802
X5953STDY8613803,X5953STDY8613803
X5953STDY8613804,X5953STDY8613804
X5953STDY8613805,X5953STDY8613805
X5953STDY8613806,X5953STDY8613806
X5953STDY8613807,X5953STDY8613807
X5953STDY8613808,X5953STDY8613808
X5953STDY8613809,X5953STDY8613809
X5953STDY8613810,X5953STDY8613810
X5953STDY8613811,X5953STDY8613811
X5953STDY8613812,X5953STDY8613812
X5953STDY8613813,X5953STDY8613813
X5953STDY8613814,X5953STDY8613814
X5953STDY8613816,X5953STDY8613816
X5953STDY8613818,X5953STDY8613818
X5953STDY8614395,X5953STDY8614395
X5953STDY8614396,X5953STDY8614396
X5953STDY8614397,X5953STDY8614397
X5953STDY8614398,X5953STDY8614398
X5953STDY8614400,X5953STDY8614400
X5953STDY8614401,X5953STDY8614401
X5953STDY8614402,X5953STDY8614402
X5953STDY8614404,X5953STDY8614404
X5953STDY8614405,X5953STDY8614405
X5953STDY8614406,X5953STDY8614406
X5953STDY8614407,X5953STDY8614407
X5953STDY8614409,X5953STDY8614409
X5953STDY8614410,X5953STDY8614410
X5953STDY8614411,X5953STDY8614411
X5953STDY8614412,X5953STDY8614412
X5953STDY8614413,X5953STDY8614413
X5953STDY8614414,X5953STDY8614414
X5953STDY8614416,X5953STDY8614416
X5953STDY8614418,X5953STDY8614418
X5953STDY8614420,X5953STDY8614420
X5953STDY8614421,X5953STDY8614421
X5953STDY8614423,X5953STDY8614423
X5953STDY8614424,X5953STDY8614424
X5953STDY8614425,X5953STDY8614425
X5953STDY8614426,X5953STDY8614426
X5953STDY8614427,X5953STDY8614427
X5953STDY8614428,X5953STDY8614428
X5953STDY8614429,X5953STDY8614429
X5953STDY8614430,X5953STDY8614430
X5953STDY8614431,X5953STDY8614431
X5953STDY8614432,X5953STDY8614432
X5953STDY8614433,X5953STDY8614433
X5953STDY8614434,X5953STDY8614434
X5953STDY8614435,X5953STDY8614435
X5953STDY8614436,X5953STDY8614436
X5953STDY8614437,X5953STDY8614437
X5953STDY8614438,X5953STDY8614438
X5953STDY8614439,X5953STDY8614439
X5953STDY8614440,X5953STDY8614440
X5953STDY8614441,X5953STDY8614441
X5953STDY8614442,X5953STDY8614442
X5953STDY8614443,X5953STDY8614443
X5953STDY8614445,X5953STDY8614445
X5953STDY8614446,X5953STDY8614446
X5953STDY8614447,X5953STDY8614447
X5953STDY8614450,X5953STDY8614450
X5953STDY8614451,X5953STDY8614451
X5953STDY8614452,X5953STDY8614452
X5953STDY8614453,X5953STDY8614453
X5953STDY8614455,X5953STDY8614455
X5953STDY8614456,X5953STDY8614456
X5953STDY8614457,X5953STDY8614457
X5953STDY8614459,X5953STDY8614459
X5953STDY8614460,X5953STDY8614460
X5953STDY8614461,X5953STDY8614461
X5953STDY8614462,X5953STDY8614462
X5953STDY8614464,X5953STDY8614464
X5953STDY8614465,X5953STDY8614465
X5953STDY8614466,X5953STDY8614466
X5953STDY8614467,X5953STDY8614467
X5953STDY8614468,X5953STDY8614468
X5953STDY8614469,X5953STDY8614469
X5953STDY8614470,X5953STDY8614470
X5953STDY8614471,X5953STDY8614471
X5953STDY8614472,X5953STDY8614472
X5953STDY8614473,X5953STDY8614473
X5953STDY8614474,X5953STDY8614474
X5953STDY8614475,X5953STDY8614475
X5953STDY8614477,X5953STDY8614477
X5953STDY8614478,X5953STDY8614478
X5953STDY8614479,X5953STDY8614479
X5953STDY8614481,X5953STDY8614481
X5953STDY8614482,X5953STDY8614482
X5953STDY8614483,X5953STDY8614483
X5953STDY8614484,X5953STDY8614484
X5953STDY8614486,X5953STDY8614486
X5953STDY8614488,X5953STDY8614488
X5953STDY8614489,X5953STDY8614489
X5953STDY8614490,X5953STDY8614490
X5953STDY8281747,X5953STDY8281747
X5953STDY8281748,X5953STDY8281748
X5953STDY8281749,X5953STDY8281749
X5953STDY8281750,X5953STDY8281750
X5953STDY8281753,X5953STDY8281753
X5953STDY8281754,X5953STDY8281754
X5953STDY8281756,X5953STDY8281756
X5953STDY8281757,X5953STDY8281757
X5953STDY8281758,X5953STDY8281758
X5953STDY8281759,X5953STDY8281759
X5953STDY8281760,X5953STDY8281760
X5953STDY8281761,X5953STDY8281761
X5953STDY8281762,X5953STDY8281762
X5953STDY8281763,X5953STDY8281763
X5953STDY8281764,X5953STDY8281764
X5953STDY8281765,X5953STDY8281765
X5953STDY8281769,X5953STDY8281769
X5953STDY8281770,X5953STDY8281770
X5953STDY8281771,X5953STDY8281771
X5953STDY8281772,X5953STDY8281772
X5953STDY8281774,X5953STDY8281774
X5953STDY8281775,X5953STDY8281775
X5953STDY8281776,X5953STDY8281776
X5953STDY8281777,X5953STDY8281777
X5953STDY8281778,X5953STDY8281778
X5953STDY8281779,X5953STDY8281779
X5953STDY8281781,X5953STDY8281781
X5953STDY8281782,X5953STDY8281782
X5953STDY8281784,X5953STDY8281784
X5953STDY8281785,X5953STDY8281785
X5953STDY8281786,X5953STDY8281786
X5953STDY8281787,X5953STDY8281787
X5953STDY8281788,X5953STDY8281788
X5953STDY8281790,X5953STDY8281790
X5953STDY8281792,X5953STDY8281792
X5953STDY8281793,X5953STDY8281793
X5953STDY8281794,X5953STDY8281794
X5953STDY8281796,X5953STDY8281796
X5953STDY8281798,X5953STDY8281798
X5953STDY8281799,X5953STDY8281799
X5953STDY8281802,X5953STDY8281802
X5953STDY8281803,X5953STDY8281803
X5953STDY8281806,X5953STDY8281806
X5953STDY8281807,X5953STDY8281807
X5953STDY8281808,X5953STDY8281808
X5953STDY8281811,X5953STDY8281811
X5953STDY8281812,X5953STDY8281812
X5953STDY8281816,X5953STDY8281816
X5953STDY8281817,X5953STDY8281817
X5953STDY8281820,X5953STDY8281820
X5953STDY8281821,X5953STDY8281821
X5953STDY8281822,X5953STDY8281822
X5953STDY8281824,X5953STDY8281824
X5953STDY8281825,X5953STDY8281825
X5953STDY8281826,X5953STDY8281826
X5953STDY8281827,X5953STDY8281827
X5953STDY8281828,X5953STDY8281828
X5953STDY8281831,X5953STDY8281831
X5953STDY8281833,X5953STDY8281833
X5953STDY8281836,X5953STDY8281836
X5953STDY8281837,X5953STDY8281837
X5953STDY8281838,X5953STDY8281838
X5953STDY8281840,X5953STDY8281840
X5953STDY8281841,X5953STDY8281841
X5953STDY8281842,X5953STDY8281842
X5953STDY8281843,X5953STDY8281843
X5953STDY8281845,X5953STDY8281845
X5953STDY8281847,X5953STDY8281847
X5953STDY8281848,X5953STDY8281848
X5953STDY8281849,X5953STDY8281849
X5953STDY8281851,X5953STDY8281851
X5953STDY8281852,X5953STDY8281852
X5953STDY8281853,X5953STDY8281853
X5953STDY8281854,X5953STDY8281854
X5953STDY8281855,X5953STDY8281855
X5953STDY8281856,X5953STDY8281856
X5953STDY8281857,X5953STDY8281857
X5953STDY8281858,X5953STDY8281858
X5953STDY8281859,X5953STDY8281859
X5953STDY8281860,X5953STDY8281860
X5953STDY8281862,X5953STDY8281862
X5953STDY8281863,X5953STDY8281863
X5953STDY8281864,X5953STDY8281864
X5953STDY8281865,X5953STDY8281865
X5953STDY8281866,X5953STDY8281866
X5953STDY8281867,X5953STDY8281867
X5953STDY8281868,X5953STDY8281868
X5953STDY8281869,X5953STDY8281869
X5953STDY8281871,X5953STDY8281871
X5953STDY8281872,X5953STDY8281872
X5953STDY8281874,X5953STDY8281874
X5953STDY8281875,X5953STDY8281875
X5953STDY8281876,X5953STDY8281876
X5953STDY8281877,X5953STDY8281877
X5953STDY8281879,X5953STDY8281879
X5953STDY8281880,X5953STDY8281880
X5953STDY8281881,X5953STDY8281881
X5953STDY8281882,X5953STDY8281882
X5953STDY8281885,X5953STDY8281885
X5953STDY8281886,X5953STDY8281886
X5953STDY8281887,X5953STDY8281887
X5953STDY8281888,X5953STDY8281888
X5953STDY8281890,X5953STDY8281890
X5953STDY8281893,X5953STDY8281893
X5953STDY8281896,X5953STDY8281896
X5953STDY8281897,X5953STDY8281897
X5953STDY8281899,X5953STDY8281899
X5953STDY8281900,X5953STDY8281900
X5953STDY8281901,X5953STDY8281901
X5953STDY8281902,X5953STDY8281902
X5953STDY8281903,X5953STDY8281903
X5953STDY8281904,X5953STDY8281904
X5953STDY8281908,X5953STDY8281908
X5953STDY8281909,X5953STDY8281909
X5953STDY8281910,X5953STDY8281910
X5953STDY8281911,X5953STDY8281911
X5953STDY8281913,X5953STDY8281913
X5953STDY8281915,X5953STDY8281915
X5953STDY8281916,X5953STDY8281916
X5953STDY8281918,X5953STDY8281918
X5953STDY8281919,X5953STDY8281919
X5953STDY8281923,X5953STDY8281923
X5953STDY8281924,X5953STDY8281924
X5953STDY8281925,X5953STDY8281925
X5953STDY8281926,X5953STDY8281926
X5953STDY8281927,X5953STDY8281927
X5953STDY8281931,X5953STDY8281931
X5953STDY8281933,X5953STDY8281933
X5953STDY8281934,X5953STDY8281934
X5953STDY8281935,X5953STDY8281935
X5953STDY8281940,X5953STDY8281940
X5953STDY8281941,X5953STDY8281941
X5953STDY8281942,X5953STDY8281942
X5953STDY8281946,X5953STDY8281946
X5953STDY8281947,X5953STDY8281947
X5953STDY8281948,X5953STDY8281948
X5953STDY8281949,X5953STDY8281949
X5953STDY8281950,X5953STDY8281950
X5953STDY8281952,X5953STDY8281952
X5953STDY8281953,X5953STDY8281953
X5953STDY8281954,X5953STDY8281954
X5953STDY8281955,X5953STDY8281955
X5953STDY8281956,X5953STDY8281956
X5953STDY8281957,X5953STDY8281957
X5953STDY8281959,X5953STDY8281959
X5953STDY8281961,X5953STDY8281961
X5953STDY8281962,X5953STDY8281962
X5953STDY8281963,X5953STDY8281963
X5953STDY8281964,X5953STDY8281964
X5953STDY8281967,X5953STDY8281967
X5953STDY8281968,X5953STDY8281968
X5953STDY8281970,X5953STDY8281970
X5953STDY8281973,X5953STDY8281973
X5953STDY8281974,X5953STDY8281974
X5953STDY8281976,X5953STDY8281976
X5953STDY8281978,X5953STDY8281978
X5953STDY8281979,X5953STDY8281979
X5953STDY8281980,X5953STDY8281980
X5953STDY8281981,X5953STDY8281981
X5953STDY8281982,X5953STDY8281982
X5953STDY8281983,X5953STDY8281983
X5953STDY8281986,X5953STDY8281986
X5953STDY8281988,X5953STDY8281988
X5953STDY8281990,X5953STDY8281990
X5953STDY8281991,X5953STDY8281991
X5953STDY8281993,X5953STDY8281993
X5953STDY8281994,X5953STDY8281994
X5953STDY8281997,X5953STDY8281997
X5953STDY8281998,X5953STDY8281998
X5953STDY8281999,X5953STDY8281999
X5953STDY8282000,X5953STDY8282000
X5953STDY8282003,X5953STDY8282003
X5953STDY8282005,X5953STDY8282005
X5953STDY8282006,X5953STDY8282006
X5953STDY8282008,X5953STDY8282008
X5953STDY8282009,X5953STDY8282009
X5953STDY8282010,X5953STDY8282010
X5953STDY8282011,X5953STDY8282011
X5953STDY8282013,X5953STDY8282013
X5953STDY8282014,X5953STDY8282014
X5953STDY8282016,X5953STDY8282016
X5953STDY8282017,X5953STDY8282017
X5953STDY8282019,X5953STDY8282019
X5953STDY8282021,X5953STDY8282021
X5953STDY8282022,X5953STDY8282022
X5953STDY8282023,X5953STDY8282023
X5953STDY8282025,X5953STDY8282025
X5953STDY8282026,X5953STDY8282026
X5953STDY8282027,X5953STDY8282027
X5953STDY8282029,X5953STDY8282029
X5953STDY8282030,X5953STDY8282030
X5953STDY8282035,X5953STDY8282035
X5953STDY8282036,X5953STDY8282036
X5953STDY8282039,X5953STDY8282039
X5953STDY8282041,X5953STDY8282041
X5953STDY8282043,X5953STDY8282043
X5953STDY8282044,X5953STDY8282044
X5953STDY8282045,X5953STDY8282045
X5953STDY8282047,X5953STDY8282047
X5953STDY8282048,X5953STDY8282048
X5953STDY8282049,X5953STDY8282049
X5953STDY8282050,X5953STDY8282050
X5953STDY8282051,X5953STDY8282051
X5953STDY8282052,X5953STDY8282052
X5953STDY8282053,X5953STDY8282053
X5953STDY8282054,X5953STDY8282054
X5953STDY8282055,X5953STDY8282055
X5953STDY8282058,X5953STDY8282058
X5953STDY8282060,X5953STDY8282060
X5953STDY8282061,X5953STDY8282061
X5953STDY8282062,X5953STDY8282062
X5953STDY8282063,X5953STDY8282063
X5953STDY8282064,X5953STDY8282064
X5953STDY8282067,X5953STDY8282067
X5953STDY8282068,X5953STDY8282068
X5953STDY8282069,X5953STDY8282069
X5953STDY8282070,X5953STDY8282070
X5953STDY8282071,X5953STDY8282071
X5953STDY8282072,X5953STDY8282072
X5953STDY8282073,X5953STDY8282073
X5953STDY8282074,X5953STDY8282074
X5953STDY8282076,X5953STDY8282076
X5953STDY8282077,X5953STDY8282077
X5953STDY8282078,X5953STDY8282078
X5953STDY8282079,X5953STDY8282079
X5953STDY8282081,X5953STDY8282081
X5953STDY8282083,X5953STDY8282083
X5953STDY8282084,X5953STDY8282084
X5953STDY8282085,X5953STDY8282085
X5953STDY8282086,X5953STDY8282086
X5953STDY8282087,X5953STDY8282087
X5953STDY8282089,X5953STDY8282089
X5953STDY8282090,X5953STDY8282090
X5953STDY8282092,X5953STDY8282092
X5953STDY8282095,X5953STDY8282095
X5953STDY8282096,X5953STDY8282096
X5953STDY8282097,X5953STDY8282097
X5953STDY8282098,X5953STDY8282098
X5953STDY8282100,X5953STDY8282100
X5953STDY8282101,X5953STDY8282101
X5953STDY8282102,X5953STDY8282102
X5953STDY8282105,X5953STDY8282105
X5953STDY8282110,X5953STDY8282110
X5953STDY8282111,X5953STDY8282111
X5953STDY8282112,X5953STDY8282112
X5953STDY8282115,X5953STDY8282115
X5953STDY8282117,X5953STDY8282117
X5953STDY8282118,X5953STDY8282118
X5953STDY8282120,X5953STDY8282120
X5953STDY8282121,X5953STDY8282121
X5953STDY8282122,X5953STDY8282122
X5953STDY8282123,X5953STDY8282123
X5953STDY8282124,X5953STDY8282124
X5953STDY8282126,X5953STDY8282126
X5953STDY8282127,X5953STDY8282127
X5953STDY8282129,X5953STDY8282129
X5953STDY8282130,X5953STDY8282130
X5953STDY8283286,X5953STDY8283286
X5953STDY8283289,X5953STDY8283289
X5953STDY8283294,X5953STDY8283294
X5953STDY8283296,X5953STDY8283296
X5953STDY8283298,X5953STDY8283298
X5953STDY8283299,X5953STDY8283299
X5953STDY8283304,X5953STDY8283304
X5953STDY8283310,X5953STDY8283310
X5953STDY8283315,X5953STDY8283315
X5953STDY8283316,X5953STDY8283316
X5953STDY8283319,X5953STDY8283319
X5953STDY8283321,X5953STDY8283321
X5953STDY8283325,X5953STDY8283325
X5953STDY8283327,X5953STDY8283327
X5953STDY8283335,X5953STDY8283335
X5953STDY8283336,X5953STDY8283336
X5953STDY8283337,X5953STDY8283337
X5953STDY8283338,X5953STDY8283338
X5953STDY8283340,X5953STDY8283340
X5953STDY8283349,X5953STDY8283349
X5953STDY8283350,X5953STDY8283350
X5953STDY8283358,X5953STDY8283358
X5953STDY8283373,X5953STDY8283373
X5953STDY8283376,X5953STDY8283376
X5953STDY8283381,X5953STDY8283381
X5953STDY8283382,X5953STDY8283382
X5953STDY8283384,X5953STDY8283384
X5953STDY8283386,X5953STDY8283386
X5953STDY8283391,X5953STDY8283391
X5953STDY8283395,X5953STDY8283395
X5953STDY8283400,X5953STDY8283400
X5953STDY8283401,X5953STDY8283401
X5953STDY8283403,X5953STDY8283403
X5953STDY8283404,X5953STDY8283404
X5953STDY8283413,X5953STDY8283413
X5953STDY8283414,X5953STDY8283414
X5953STDY8283415,X5953STDY8283415
X5953STDY8283420,X5953STDY8283420
X5953STDY8283430,X5953STDY8283430
X5953STDY8283433,X5953STDY8283433
X5953STDY8283436,X5953STDY8283436
X5953STDY8283437,X5953STDY8283437
X5953STDY8283438,X5953STDY8283438
X5953STDY8283439,X5953STDY8283439
X5953STDY8283440,X5953STDY8283440
X5953STDY8283446,X5953STDY8283446
X5953STDY8283450,X5953STDY8283450
X5953STDY8283459,X5953STDY8283459
X5953STDY8283462,X5953STDY8283462
X5953STDY8283467,X5953STDY8283467
X5953STDY8283469,X5953STDY8283469
X5953STDY8283472,X5953STDY8283472
X5953STDY8283474,X5953STDY8283474
X5953STDY8283476,X5953STDY8283476
X5953STDY8283480,X5953STDY8283480
X5953STDY8283481,X5953STDY8283481
X5953STDY8283494,X5953STDY8283494
X5953STDY8283508,X5953STDY8283508
X5953STDY8283512,X5953STDY8283512
X5953STDY8283513,X5953STDY8283513
X5953STDY8283514,X5953STDY8283514
X5953STDY8283517,X5953STDY8283517
X5953STDY8283520,X5953STDY8283520
X5953STDY8283523,X5953STDY8283523
X5953STDY8283524,X5953STDY8283524
X5953STDY8283527,X5953STDY8283527
X5953STDY8283530,X5953STDY8283530
X5953STDY8283536,X5953STDY8283536
X5953STDY8283538,X5953STDY8283538
X5953STDY8283546,X5953STDY8283546
X5953STDY8283553,X5953STDY8283553
X5953STDY8283555,X5953STDY8283555
X5953STDY8283557,X5953STDY8283557
X5953STDY8283560,X5953STDY8283560
X5953STDY8283563,X5953STDY8283563
X5953STDY8283564,X5953STDY8283564
X5953STDY8283566,X5953STDY8283566
X5953STDY8283569,X5953STDY8283569
X5953STDY8283572,X5953STDY8283572
X5953STDY8283577,X5953STDY8283577
X5953STDY8283581,X5953STDY8283581
X5953STDY8283582,X5953STDY8283582
X5953STDY8283586,X5953STDY8283586
X5953STDY8283590,X5953STDY8283590
X5953STDY8283593,X5953STDY8283593
X5953STDY8283600,X5953STDY8283600
X5953STDY8283603,X5953STDY8283603
X5953STDY8283609,X5953STDY8283609
X5953STDY8283612,X5953STDY8283612
X5953STDY8283614,X5953STDY8283614
X5953STDY8283615,X5953STDY8283615
X5953STDY8283618,X5953STDY8283618
X5953STDY8283619,X5953STDY8283619
X5953STDY8283621,X5953STDY8283621
X5953STDY8283622,X5953STDY8283622
X5953STDY8283624,X5953STDY8283624
X5953STDY8283625,X5953STDY8283625
X5953STDY8283639,X5953STDY8283639
X5953STDY8283646,X5953STDY8283646
X5953STDY8283649,X5953STDY8283649
X5953STDY8283657,X5953STDY8283657
X5953STDY8283659,X5953STDY8283659
X5953STDY8283660,X5953STDY8283660
X5953STDY8283665,X5953STDY8283665
X5953STDY8283667,X5953STDY8283667
X5953STDY8283668,X5953STDY8283668
X5953STDY8283669,X5953STDY8283669
X5953STDY8283670,X5953STDY8283670
X5953STDY8283672,X5953STDY8283672
X5953STDY8283673,X5953STDY8283673
X5953STDY8283674,X5953STDY8283674
X5953STDY8283675,X5953STDY8283675
X5953STDY8283676,X5953STDY8283676
X5953STDY8283677,X5953STDY8283677
X5953STDY8283679,X5953STDY8283679
X5953STDY8283681,X5953STDY8283681
X5953STDY8283682,X5953STDY8283682
X5953STDY8283683,X5953STDY8283683
X5953STDY8283684,X5953STDY8283684
X5953STDY8283686,X5953STDY8283686
X5953STDY8283687,X5953STDY8283687
X5953STDY8283688,X5953STDY8283688
X5953STDY8283689,X5953STDY8283689
X5953STDY8283690,X5953STDY8283690
X5953STDY8283691,X5953STDY8283691
X5953STDY8283692,X5953STDY8283692
X5953STDY8283693,X5953STDY8283693
X5953STDY8283694,X5953STDY8283694
X5953STDY8283695,X5953STDY8283695
X5953STDY8283696,X5953STDY8283696
X5953STDY8283697,X5953STDY8283697
X5953STDY8283699,X5953STDY8283699
X5953STDY8283700,X5953STDY8283700
X5953STDY8283701,X5953STDY8283701
X5953STDY8283702,X5953STDY8283702
X5953STDY8283703,X5953STDY8283703
X5953STDY8283704,X5953STDY8283704
X5953STDY8283705,X5953STDY8283705
X5953STDY8283706,X5953STDY8283706
X5953STDY8283707,X5953STDY8283707
X5953STDY8283709,X5953STDY8283709
X5953STDY8283710,X5953STDY8283710
X5953STDY8283711,X5953STDY8283711
X5953STDY8283712,X5953STDY8283712
X5953STDY8283714,X5953STDY8283714
X5953STDY8283715,X5953STDY8283715
X5953STDY8283716,X5953STDY8283716
X5953STDY8283717,X5953STDY8283717
X5953STDY8283718,X5953STDY8283718
X5953STDY8283719,X5953STDY8283719
X5953STDY8283720,X5953STDY8283720
X5953STDY8283721,X5953STDY8283721
X5953STDY8283722,X5953STDY8283722
X5953STDY8283723,X5953STDY8283723
X5953STDY8283724,X5953STDY8283724
X5953STDY8283726,X5953STDY8283726
X5953STDY8283727,X5953STDY8283727
X5953STDY8283728,X5953STDY8283728
X5953STDY8283729,X5953STDY8283729
X5953STDY8283730,X5953STDY8283730
X5953STDY8283731,X5953STDY8283731
X5953STDY8283732,X5953STDY8283732
X5953STDY8283734,X5953STDY8283734
X5953STDY8283735,X5953STDY8283735
X5953STDY8283736,X5953STDY8283736
X5953STDY8283737,X5953STDY8283737
X5953STDY8283738,X5953STDY8283738
X5953STDY8283739,X5953STDY8283739
X5953STDY8283741,X5953STDY8283741
X5953STDY8283742,X5953STDY8283742
X5953STDY8283743,X5953STDY8283743
X5953STDY8283744,X5953STDY8283744
X5953STDY8283746,X5953STDY8283746
X5953STDY8283747,X5953STDY8283747
X5953STDY8283748,X5953STDY8283748
X5953STDY8283749,X5953STDY8283749
X5953STDY8283750,X5953STDY8283750
X5953STDY8283751,X5953STDY8283751
X5953STDY8283754,X5953STDY8283754
X5953STDY8283755,X5953STDY8283755
X5953STDY8283757,X5953STDY8283757
X5953STDY8283758,X5953STDY8283758
X5953STDY8283759,X5953STDY8283759
X5953STDY8283760,X5953STDY8283760
X5953STDY8283761,X5953STDY8283761
X5953STDY8283762,X5953STDY8283762
X5953STDY8283764,X5953STDY8283764
X5953STDY8283765,X5953STDY8283765
X5953STDY8283766,X5953STDY8283766
X5953STDY8283767,X5953STDY8283767
X5953STDY8283768,X5953STDY8283768
X5953STDY8283769,X5953STDY8283769
X5953STDY8283771,X5953STDY8283771
X5953STDY8283772,X5953STDY8283772
X5953STDY8283773,X5953STDY8283773
X5953STDY8283774,X5953STDY8283774
X5953STDY8283775,X5953STDY8283775
X5953STDY8283776,X5953STDY8283776
X5953STDY8283777,X5953STDY8283777
X5953STDY8283779,X5953STDY8283779
X5953STDY8283781,X5953STDY8283781
X5953STDY8283784,X5953STDY8283784
X5953STDY8283785,X5953STDY8283785
X5953STDY8283786,X5953STDY8283786
X5953STDY8283787,X5953STDY8283787
X5953STDY8283788,X5953STDY8283788
X5953STDY8283789,X5953STDY8283789
X5953STDY8283790,X5953STDY8283790
X5953STDY8283791,X5953STDY8283791
X5953STDY8283792,X5953STDY8283792
X5953STDY8283793,X5953STDY8283793
X5953STDY8283794,X5953STDY8283794
X5953STDY8283796,X5953STDY8283796
X5953STDY8283797,X5953STDY8283797
X5953STDY8283798,X5953STDY8283798
X5953STDY8283799,X5953STDY8283799
X5953STDY8283800,X5953STDY8283800
X5953STDY8283802,X5953STDY8283802
X5953STDY8283803,X5953STDY8283803
X5953STDY8283804,X5953STDY8283804
X5953STDY8283805,X5953STDY8283805
X5953STDY8283806,X5953STDY8283806
X5953STDY8283808,X5953STDY8283808
X5953STDY8283809,X5953STDY8283809
X5953STDY8283810,X5953STDY8283810
X5953STDY8283813,X5953STDY8283813
X5953STDY8283814,X5953STDY8283814
X5953STDY8283815,X5953STDY8283815
X5953STDY8283816,X5953STDY8283816
X5953STDY8283817,X5953STDY8283817
X5953STDY8283818,X5953STDY8283818
X5953STDY8283820,X5953STDY8283820
X5953STDY8283821,X5953STDY8283821
X5953STDY8283823,X5953STDY8283823
X5953STDY8283825,X5953STDY8283825
X5953STDY8283826,X5953STDY8283826
X5953STDY8283827,X5953STDY8283827
X5953STDY8283828,X5953STDY8283828
X5953STDY8283829,X5953STDY8283829
X5953STDY8283830,X5953STDY8283830
X5953STDY8283831,X5953STDY8283831
X5953STDY8283832,X5953STDY8283832
X5953STDY8283833,X5953STDY8283833
X5953STDY8283835,X5953STDY8283835
X5953STDY8283837,X5953STDY8283837
X5953STDY8283838,X5953STDY8283838
X5953STDY8283840,X5953STDY8283840
X5953STDY8283841,X5953STDY8283841
X5953STDY8283842,X5953STDY8283842
X5953STDY8283843,X5953STDY8283843
X5953STDY8283846,X5953STDY8283846
X5953STDY8283847,X5953STDY8283847
X5953STDY8283848,X5953STDY8283848
X5953STDY8283849,X5953STDY8283849
X5953STDY8283850,X5953STDY8283850
X5953STDY8283852,X5953STDY8283852
X5953STDY8283854,X5953STDY8283854
X5953STDY8283855,X5953STDY8283855
X5953STDY8283856,X5953STDY8283856
X5953STDY8283857,X5953STDY8283857
X5953STDY8283858,X5953STDY8283858
X5953STDY8283859,X5953STDY8283859
X5953STDY8283860,X5953STDY8283860
X5953STDY8283861,X5953STDY8283861
X5953STDY8283862,X5953STDY8283862
X5953STDY8283863,X5953STDY8283863
X5953STDY8283864,X5953STDY8283864
X5953STDY8283866,X5953STDY8283866
X5953STDY8283867,X5953STDY8283867
X5953STDY8283868,X5953STDY8283868
X5953STDY8283869,X5953STDY8283869
X5953STDY8283870,X5953STDY8283870
X5953STDY8283871,X5953STDY8283871
X5953STDY8283873,X5953STDY8283873
X5953STDY8283875,X5953STDY8283875
X5953STDY8283878,X5953STDY8283878
X5953STDY8283880,X5953STDY8283880
X5953STDY8283881,X5953STDY8283881
X5953STDY8283882,X5953STDY8283882
X5953STDY8283883,X5953STDY8283883
X5953STDY8283884,X5953STDY8283884
X5953STDY8283885,X5953STDY8283885
X5953STDY8283886,X5953STDY8283886
X5953STDY8283887,X5953STDY8283887
X5953STDY8283888,X5953STDY8283888
X5953STDY8283890,X5953STDY8283890
X5953STDY8283891,X5953STDY8283891
X5953STDY8283892,X5953STDY8283892
X5953STDY8283896,X5953STDY8283896
X5953STDY8283898,X5953STDY8283898
X5953STDY8283899,X5953STDY8283899
X5953STDY8283901,X5953STDY8283901
X5953STDY8283902,X5953STDY8283902
X5953STDY8283903,X5953STDY8283903
X5953STDY8283904,X5953STDY8283904
X5953STDY8283905,X5953STDY8283905
X5953STDY8283906,X5953STDY8283906
X5953STDY8283907,X5953STDY8283907
X5953STDY8283908,X5953STDY8283908
X5953STDY8283909,X5953STDY8283909
X5953STDY8283910,X5953STDY8283910
X5953STDY8283911,X5953STDY8283911
X5953STDY8283912,X5953STDY8283912
X5953STDY8283913,X5953STDY8283913
X5953STDY8283915,X5953STDY8283915
X5953STDY8283916,X5953STDY8283916
X5953STDY8283917,X5953STDY8283917
X5953STDY8283920,X5953STDY8283920
X5953STDY8283921,X5953STDY8283921
X5953STDY8283922,X5953STDY8283922
X5953STDY8283924,X5953STDY8283924
X5953STDY8283927,X5953STDY8283927
X5953STDY8283929,X5953STDY8283929
X5953STDY8283930,X5953STDY8283930
X5953STDY8283931,X5953STDY8283931
X5953STDY8283932,X5953STDY8283932
X5953STDY8283933,X5953STDY8283933
X5953STDY8283935,X5953STDY8283935
X5953STDY8283936,X5953STDY8283936
X5953STDY8283937,X5953STDY8283937
X5953STDY8283939,X5953STDY8283939
X5953STDY8283940,X5953STDY8283940
X5953STDY8283941,X5953STDY8283941
X5953STDY8283942,X5953STDY8283942
X5953STDY8283943,X5953STDY8283943
X5953STDY8283945,X5953STDY8283945
X5953STDY8283946,X5953STDY8283946
X5953STDY8283949,X5953STDY8283949
X5953STDY8283950,X5953STDY8283950
X5953STDY8283951,X5953STDY8283951
X5953STDY8283952,X5953STDY8283952
X5953STDY8283953,X5953STDY8283953
X5953STDY8283954,X5953STDY8283954
X5953STDY8283955,X5953STDY8283955
X5953STDY8283956,X5953STDY8283956
X5953STDY8283957,X5953STDY8283957
X5953STDY8283958,X5953STDY8283958
X5953STDY8283959,X5953STDY8283959
X5953STDY8283960,X5953STDY8283960
X5953STDY8283961,X5953STDY8283961
X5953STDY8283962,X5953STDY8283962
X5953STDY8283964,X5953STDY8283964
X5953STDY8283966,X5953STDY8283966
X5953STDY8283967,X5953STDY8283967
X5953STDY8283968,X5953STDY8283968
X5953STDY8283969,X5953STDY8283969
X5953STDY8283970,X5953STDY8283970
X5953STDY8283974,X5953STDY8283974
X5953STDY8283975,X5953STDY8283975
X5953STDY8283977,X5953STDY8283977
X5953STDY8283978,X5953STDY8283978
X5953STDY8283979,X5953STDY8283979
X5953STDY8283980,X5953STDY8283980
X5953STDY8283981,X5953STDY8283981
X5953STDY8283982,X5953STDY8283982
X5953STDY8283983,X5953STDY8283983
X5953STDY8283984,X5953STDY8283984
X5953STDY8283985,X5953STDY8283985
X5953STDY8283986,X5953STDY8283986
X5953STDY8283988,X5953STDY8283988
X5953STDY8283991,X5953STDY8283991
X5953STDY8283992,X5953STDY8283992
X5953STDY8283993,X5953STDY8283993
X5953STDY8283994,X5953STDY8283994
X5953STDY8283995,X5953STDY8283995
X5953STDY8283996,X5953STDY8283996
X5953STDY8283997,X5953STDY8283997
X5953STDY8283999,X5953STDY8283999
X5953STDY8284001,X5953STDY8284001
X5953STDY8284002,X5953STDY8284002
X5953STDY8284003,X5953STDY8284003
X5953STDY8284004,X5953STDY8284004
X5953STDY8284005,X5953STDY8284005
X5953STDY8284006,X5953STDY8284006
X5953STDY8284008,X5953STDY8284008
X5953STDY8284009,X5953STDY8284009
X5953STDY8284010,X5953STDY8284010
X5953STDY8284011,X5953STDY8284011
X5953STDY8284014,X5953STDY8284014
X5953STDY8284015,X5953STDY8284015
X5953STDY8284016,X5953STDY8284016
X5953STDY8284019,X5953STDY8284019
X5953STDY8284020,X5953STDY8284020
X5953STDY8284021,X5953STDY8284021
X5953STDY8284022,X5953STDY8284022
X5953STDY8284023,X5953STDY8284023
X5953STDY8284024,X5953STDY8284024
X5953STDY8284025,X5953STDY8284025
X5953STDY8284029,X5953STDY8284029
X5953STDY8284030,X5953STDY8284030
X5953STDY8284031,X5953STDY8284031
X5953STDY8284032,X5953STDY8284032
X5953STDY8284033,X5953STDY8284033
X5953STDY8284035,X5953STDY8284035
X5953STDY8284037,X5953STDY8284037
X5953STDY8284039,X5953STDY8284039
X5953STDY8284040,X5953STDY8284040
X5953STDY8284042,X5953STDY8284042
X5953STDY8284044,X5953STDY8284044
X5953STDY8284045,X5953STDY8284045
X5953STDY8284046,X5953STDY8284046
X5953STDY8284047,X5953STDY8284047
X5953STDY8284048,X5953STDY8284048
X5953STDY8284049,X5953STDY8284049
X5953STDY8613916,X5953STDY8613916
X5953STDY8613917,X5953STDY8613917
X5953STDY8613918,X5953STDY8613918
X5953STDY8613921,X5953STDY8613921
X5953STDY8613923,X5953STDY8613923
X5953STDY8613924,X5953STDY8613924
X5953STDY8613925,X5953STDY8613925
X5953STDY8613926,X5953STDY8613926
X5953STDY8613927,X5953STDY8613927
X5953STDY8613928,X5953STDY8613928
X5953STDY8613929,X5953STDY8613929
X5953STDY8613933,X5953STDY8613933
X5953STDY8613934,X5953STDY8613934
X5953STDY8613935,X5953STDY8613935
X5953STDY8613936,X5953STDY8613936
X5953STDY8613939,X5953STDY8613939
X5953STDY8613940,X5953STDY8613940
X5953STDY8613941,X5953STDY8613941
X5953STDY8613942,X5953STDY8613942
X5953STDY8613945,X5953STDY8613945
X5953STDY8613947,X5953STDY8613947
X5953STDY8613950,X5953STDY8613950
X5953STDY8613951,X5953STDY8613951
X5953STDY8613952,X5953STDY8613952
X5953STDY8613954,X5953STDY8613954
X5953STDY8613955,X5953STDY8613955
X5953STDY8613957,X5953STDY8613957
X5953STDY8613958,X5953STDY8613958
X5953STDY8613959,X5953STDY8613959
X5953STDY8613960,X5953STDY8613960
X5953STDY8613962,X5953STDY8613962
X5953STDY8613963,X5953STDY8613963
X5953STDY8613964,X5953STDY8613964
X5953STDY8613967,X5953STDY8613967
X5953STDY8613969,X5953STDY8613969
X5953STDY8613970,X5953STDY8613970
X5953STDY8613971,X5953STDY8613971
X5953STDY8613972,X5953STDY8613972
X5953STDY8613973,X5953STDY8613973
X5953STDY8613981,X5953STDY8613981
X5953STDY8613983,X5953STDY8613983
X5953STDY8613984,X5953STDY8613984
X5953STDY8613986,X5953STDY8613986
X5953STDY8613987,X5953STDY8613987
X5953STDY8613989,X5953STDY8613989
X5953STDY8613990,X5953STDY8613990
X5953STDY8613991,X5953STDY8613991
X5953STDY8613993,X5953STDY8613993
X5953STDY8613994,X5953STDY8613994
X5953STDY8613997,X5953STDY8613997
X5953STDY8613998,X5953STDY8613998
X5953STDY8614000,X5953STDY8614000
X5953STDY8614002,X5953STDY8614002
X5953STDY8614003,X5953STDY8614003
X5953STDY8614004,X5953STDY8614004
X5953STDY8614005,X5953STDY8614005
X5953STDY8614006,X5953STDY8614006
X5953STDY8614008,X5953STDY8614008
X5953STDY8614010,X5953STDY8614010
X5953STDY8614011,X5953STDY8614011
X5953STDY8614012,X5953STDY8614012
X5953STDY8614013,X5953STDY8614013
X5953STDY8614016,X5953STDY8614016
X5953STDY8614017,X5953STDY8614017
X5953STDY8614018,X5953STDY8614018
X5953STDY8614021,X5953STDY8614021
X5953STDY8614022,X5953STDY8614022
X5953STDY8614024,X5953STDY8614024
X5953STDY8614025,X5953STDY8614025
X5953STDY8614027,X5953STDY8614027
X5953STDY8614029,X5953STDY8614029
X5953STDY8614030,X5953STDY8614030
X5953STDY8614031,X5953STDY8614031
X5953STDY8614032,X5953STDY8614032
X5953STDY8614034,X5953STDY8614034
X5953STDY8614035,X5953STDY8614035
X5953STDY8614038,X5953STDY8614038
X5953STDY8614039,X5953STDY8614039
X5953STDY8614040,X5953STDY8614040
X5953STDY8614041,X5953STDY8614041
X5953STDY8614042,X5953STDY8614042
X5953STDY8614043,X5953STDY8614043
X5953STDY8614044,X5953STDY8614044
X5953STDY8614047,X5953STDY8614047
X5953STDY8614048,X5953STDY8614048
X5953STDY8614049,X5953STDY8614049
X5953STDY8614050,X5953STDY8614050
X5953STDY8614051,X5953STDY8614051
X5953STDY8614052,X5953STDY8614052
X5953STDY8614053,X5953STDY8614053
X5953STDY8614054,X5953STDY8614054
X5953STDY8614055,X5953STDY8614055
X5953STDY8614056,X5953STDY8614056
X5953STDY8614059,X5953STDY8614059
X5953STDY8614060,X5953STDY8614060
X5953STDY8614061,X5953STDY8614061
X5953STDY8614062,X5953STDY8614062
X5953STDY8614063,X5953STDY8614063
X5953STDY8614064,X5953STDY8614064
X5953STDY8614065,X5953STDY8614065
X5953STDY8614066,X5953STDY8614066
X5953STDY8614067,X5953STDY8614067
X5953STDY8614068,X5953STDY8614068
X5953STDY8614069,X5953STDY8614069
X5953STDY8614070,X5953STDY8614070
X5953STDY8614071,X5953STDY8614071
X5953STDY8614072,X5953STDY8614072
X5953STDY8614073,X5953STDY8614073
X5953STDY8614074,X5953STDY8614074
X5953STDY8614075,X5953STDY8614075
X5953STDY8614076,X5953STDY8614076
X5953STDY8614078,X5953STDY8614078
X5953STDY8614079,X5953STDY8614079
X5953STDY8614080,X5953STDY8614080
X5953STDY8614082,X5953STDY8614082
X5953STDY8614083,X5953STDY8614083
X5953STDY8614084,X5953STDY8614084
X5953STDY8614086,X5953STDY8614086
X5953STDY8614087,X5953STDY8614087
X5953STDY8614088,X5953STDY8614088
X5953STDY8614089,X5953STDY8614089
X5953STDY8614090,X5953STDY8614090
X5953STDY8614091,X5953STDY8614091
X5953STDY8614092,X5953STDY8614092
X5953STDY8614094,X5953STDY8614094
X5953STDY8614095,X5953STDY8614095
X5953STDY8614096,X5953STDY8614096
X5953STDY8614098,X5953STDY8614098
X5953STDY8614099,X5953STDY8614099
X5953STDY8614101,X5953STDY8614101
X5953STDY8614103,X5953STDY8614103
X5953STDY8614104,X5953STDY8614104
X5953STDY8614105,X5953STDY8614105
X5953STDY8614106,X5953STDY8614106
X5953STDY8614107,X5953STDY8614107
X5953STDY8614108,X5953STDY8614108
X5953STDY8614109,X5953STDY8614109
X5953STDY8614110,X5953STDY8614110
X5953STDY8614111,X5953STDY8614111
X5953STDY8614112,X5953STDY8614112
X5953STDY8614114,X5953STDY8614114
X5953STDY8614115,X5953STDY8614115
X5953STDY8614116,X5953STDY8614116
X5953STDY8614117,X5953STDY8614117
X5953STDY8614119,X5953STDY8614119
X5953STDY8614120,X5953STDY8614120
X5953STDY8614122,X5953STDY8614122
X5953STDY8614123,X5953STDY8614123
X5953STDY8614124,X5953STDY8614124
X5953STDY8614125,X5953STDY8614125
X5953STDY8614126,X5953STDY8614126
X5953STDY8614127,X5953STDY8614127
X5953STDY8614130,X5953STDY8614130
X5953STDY8614131,X5953STDY8614131
X5953STDY8614132,X5953STDY8614132
X5953STDY8614133,X5953STDY8614133
X5953STDY8614134,X5953STDY8614134
X5953STDY8614135,X5953STDY8614135
X5953STDY8614136,X5953STDY8614136
X5953STDY8614137,X5953STDY8614137
X5953STDY8614138,X5953STDY8614138
X5953STDY8614139,X5953STDY8614139
X5953STDY8614140,X5953STDY8614140
X5953STDY8614141,X5953STDY8614141
X5953STDY8614142,X5953STDY8614142
X5953STDY8614143,X5953STDY8614143
X5953STDY8614144,X5953STDY8614144
X5953STDY8614145,X5953STDY8614145
X5953STDY8614146,X5953STDY8614146
X5953STDY8614147,X5953STDY8614147
X5953STDY8614148,X5953STDY8614148
X5953STDY8614149,X5953STDY8614149
X5953STDY8614150,X5953STDY8614150
X5953STDY8614151,X5953STDY8614151
X5953STDY8614152,X5953STDY8614152
X5953STDY8614153,X5953STDY8614153
X5953STDY8614155,X5953STDY8614155
X5953STDY8614157,X5953STDY8614157
X5953STDY8614158,X5953STDY8614158
X5953STDY8614159,X5953STDY8614159
X5953STDY8614160,X5953STDY8614160
X5953STDY8614161,X5953STDY8614161
X5953STDY8614162,X5953STDY8614162
X5953STDY8614163,X5953STDY8614163
X5953STDY8614164,X5953STDY8614164
X5953STDY8614166,X5953STDY8614166
X5953STDY8614167,X5953STDY8614167
X5953STDY8614168,X5953STDY8614168
X5953STDY8614169,X5953STDY8614169
X5953STDY8614170,X5953STDY8614170
X5953STDY8614171,X5953STDY8614171
X5953STDY8614173,X5953STDY8614173
X5953STDY8614174,X5953STDY8614174
X5953STDY8614176,X5953STDY8614176
X5953STDY8614177,X5953STDY8614177
X5953STDY8614178,X5953STDY8614178
X5953STDY8614179,X5953STDY8614179
X5953STDY8614181,X5953STDY8614181
X5953STDY8614182,X5953STDY8614182
X5953STDY8614183,X5953STDY8614183
X5953STDY8614184,X5953STDY8614184
X5953STDY8614185,X5953STDY8614185
X5953STDY8614186,X5953STDY8614186
X5953STDY8614187,X5953STDY8614187
X5953STDY8614188,X5953STDY8614188
X5953STDY8614189,X5953STDY8614189
X5953STDY8614190,X5953STDY8614190
X5953STDY8614191,X5953STDY8614191
X5953STDY8614192,X5953STDY8614192
X5953STDY8614194,X5953STDY8614194
X5953STDY8614195,X5953STDY8614195
X5953STDY8614197,X5953STDY8614197
X5953STDY8614198,X5953STDY8614198
X5953STDY8614199,X5953STDY8614199
X5953STDY8614200,X5953STDY8614200
X5953STDY8614201,X5953STDY8614201
X5953STDY8614202,X5953STDY8614202
X5953STDY8614203,X5953STDY8614203
X5953STDY8614204,X5953STDY8614204
X5953STDY8614205,X5953STDY8614205
X5953STDY8614206,X5953STDY8614206
X5953STDY8614207,X5953STDY8614207
X5953STDY8614208,X5953STDY8614208
X5953STDY8614210,X5953STDY8614210
X5953STDY8614211,X5953STDY8614211
X5953STDY8614212,X5953STDY8614212
X5953STDY8614213,X5953STDY8614213
X5953STDY8614214,X5953STDY8614214
X5953STDY8614215,X5953STDY8614215
X5953STDY8614218,X5953STDY8614218
X5953STDY8614219,X5953STDY8614219
X5953STDY8614220,X5953STDY8614220
X5953STDY8614222,X5953STDY8614222
X5953STDY8614223,X5953STDY8614223
X5953STDY8614226,X5953STDY8614226
X5953STDY8614227,X5953STDY8614227
X5953STDY8614228,X5953STDY8614228
X5953STDY8614229,X5953STDY8614229
X5953STDY8614230,X5953STDY8614230
X5953STDY8614233,X5953STDY8614233
X5953STDY8614234,X5953STDY8614234
X5953STDY8614235,X5953STDY8614235
X5953STDY8614237,X5953STDY8614237
X5953STDY8614238,X5953STDY8614238
X5953STDY8614239,X5953STDY8614239
X5953STDY8614242,X5953STDY8614242
X5953STDY8614243,X5953STDY8614243
X5953STDY8614246,X5953STDY8614246
X5953STDY8614247,X5953STDY8614247
X5953STDY8614248,X5953STDY8614248
X5953STDY8614249,X5953STDY8614249
X5953STDY8614252,X5953STDY8614252
X5953STDY8614253,X5953STDY8614253
X5953STDY8614254,X5953STDY8614254
X5953STDY8614256,X5953STDY8614256
X5953STDY8614257,X5953STDY8614257
X5953STDY8614258,X5953STDY8614258
X5953STDY8614259,X5953STDY8614259
X5953STDY8614260,X5953STDY8614260
X5953STDY8614261,X5953STDY8614261
X5953STDY8614263,X5953STDY8614263
X5953STDY8614264,X5953STDY8614264
X5953STDY8614265,X5953STDY8614265
X5953STDY8614266,X5953STDY8614266
X5953STDY8614267,X5953STDY8614267
X5953STDY8614269,X5953STDY8614269
X5953STDY8614270,X5953STDY8614270
X5953STDY8614271,X5953STDY8614271
X5953STDY8614272,X5953STDY8614272
X5953STDY8614274,X5953STDY8614274
X5953STDY8614275,X5953STDY8614275
X5953STDY8614278,X5953STDY8614278
X5953STDY8614280,X5953STDY8614280
X5953STDY8614281,X5953STDY8614281
X5953STDY8614282,X5953STDY8614282
X5953STDY8614283,X5953STDY8614283
X5953STDY8614284,X5953STDY8614284
X5953STDY8614285,X5953STDY8614285
X5953STDY8614287,X5953STDY8614287
X5953STDY8614288,X5953STDY8614288
X5953STDY8614289,X5953STDY8614289
X5953STDY8614290,X5953STDY8614290
X5953STDY8614291,X5953STDY8614291
X5953STDY8614292,X5953STDY8614292
X5953STDY8614294,X5953STDY8614294
X5953STDY8614295,X5953STDY8614295
X5953STDY8614296,X5953STDY8614296
X5953STDY8614298,X5953STDY8614298
